{"elem1": {"jsonLink": {"originalTitle": "El futuro político con IA: 9 predicciones sorprendentes", "routeTitle": "el-futuro-politico-con-ia-9-predicciones-sorprendentes", "headerKeywords": "futuro político, ia, predicciones sorprendentes, tecnología avanzada, automatización de procesos políticos, análisis de datos en política, toma de decisiones basadas en inteligencia artificial, democracia digitalizada , transparencia gubernamental mejorada , seguridad cibernética y política , algoritmos predictivos para elecciones , participación ciudadana a través de plataformas digitales , gobierno electrónico eficiente y efectivo  , ética en la implementación del uso de ia en política  ,impacto social y económico del uso de ai en el ámbito político,ciberseguridad electoral,política impulsada por datos,tecnologías emergentes aplicadas a la gestión pública,inteligencia artificial responsablegobierno abierto con ayuda tecnológica automatización legislativa análisis predictivo para campañas electorales", "title": "El futuro político con IA: 9 predicciones sorprendentes", "introduction": "La inteligencia artificial (IA) está transformando el mundo en todos los aspectos, incluyendo la política. Desde campañas electorales hasta toma de decisiones gubernamentales, la IA se ha convertido en una herramienta poderosa para mejorar y optimizar procesos políticos. Aquí presentamos nueve predicciones sorprendentes sobre cómo la IA cambiará el futuro político.", "list": [" Análisis predictivo: La capacidad de predecir resultados electorales o tendencias sociales a través del análisis masivo de datos será cada vez más común.", " Automatización del trabajo administrativo: Los trabajadores administrativos serán reemplazados por sistemas automatizados que manejen tareas como programación de reuniones y gestión documental.", " Personalización extrema en las campañas electorales: Las plataformas digitales permitirán a los candidatos personalizar sus mensajes según las preferencias individuales del votante gracias al uso intensivo de técnicas basadas en aprendizaje automático.", " Mayor transparencia gubernamental mediante tecnología blockchain", " Toma rápida y eficiente decisiones legislativas : Gracias al machine learning aplicado ,los legisladores tendrán un mayor conocimiento acerca del impacto real que pueden generar ciertas leyes antes incluso su implementacion .", " Reducción significativa fraude electoral : Con ayuda técnica especializada es posible detectar patrones irregulares durante elecciones lo cual puede ayudar reducir el fraude electoral.", " Mayor eficiencia en la gestión de recursos públicos: La IA puede ayudar a los gobiernos a optimizar sus presupuestos y asignación de recursos para proyectos específicos, lo que podría mejorar significativamente la calidad del servicio público.", " Mejora en seguridad nacional : Las agencias gubernamentales podrían utilizar sistemas inteligentes capaces detectar amenazas potenciales antes incluso su ocurrencia real .", " Cambio radical en las relaciones internacionales: Los algoritmos pueden ser utilizados por países para predecir comportamientos futuros o posibles conflictos con otros estados."], "videoUrl": "https://www.youtube.com/embed/caTw_kJd8B8", "popularOpinion": "La mayoría de las personas están entusiasmadas con el uso creciente de tecnologías basadas en IA dentro del ámbito político ya que se espera una mayor transparencia ,eficacia y reducción corrupción .", "summary": "El futuro político será transformado gracias al uso cada vez más extendido e innovador aplicaciones basadas sobre todo aprendizaje automático . Desde campañas electorales hasta toma decisiones legislativas, pasando por mejoramiento servicios publico entre otras cosas; estas son solo algunas predicciones sorprendentes acerca cómo impactará esta tecnología disruptiva .", "sources": [" How AI is changing politics (BBC News) https://www.bbc.com/news/technology-47611683", " The Future of Politics and Artificial Intelligence (Forbes) https://www.forbes.com/sites/cognitiveworld/2019/05/28/the-future-of-politics-and-artificial-intelligence/?sh=6d5b1f3c2a7d", "Blockchain technology for transparency in government(ScienceDirect)"], "amazonLink": ""}, "imageLink": "/home/m0rniac/Desktop/desarrollo/web/lahoralibre/app/categorias/ciencias/el-futuro-politico-con-ia-9-predicciones-sorprendentes/000001.jpg"}, "elem2": {"jsonLink": {"originalTitle": "El futuro político: 9 cambios que la IA traerá a nuestra sociedad", "routeTitle": "el-futuro-politico-9-cambios-que-la-ia-traera-a-nuestra-sociedad", "headerKeywords": "futuro político, cambios, ia, sociedad, tecnología, automatización, inteligencia artificial, robótica avanzada,transformación digital,innovación disruptiva,inteligencia de datos,aprendizaje automático,procesamiento del lenguaje natural (nlp),análisis predictivo y prescriptivoautomatización de procesos empresariales (bpa)optimización de la cadena de suministromejora en la eficiencia operativa nuevas oportunidades laborales impacto social ética en la ia seguridad cibernética", "title": "El futuro político: 9 cambios que la IA traerá a nuestra sociedad", "introduction": "La inteligencia artificial (IA) está transformando rápidamente todos los aspectos de nuestras vidas, incluyendo el ámbito político. Desde la toma de decisiones hasta las campañas electorales, la IA ya está teniendo un impacto significativo en cómo se manejan los asuntos públicos. Aquí hay nueve formas en que creemos que la IA cambiará nuestro futuro político.", "list": [" Toma de decisiones automatizada: La IA puede ayudar a tomar decisiones más informadas y precisas al analizar grandes cantidades de datos.", " Campañas electorales personalizadas: Los candidatos pueden utilizar herramientas basadas en AI para adaptar sus mensajes y estrategias según las preferencias individuales del votante.", " Análisis predictivo electoral: Las empresas especializadas utilizan técnicas avanzadas como el aprendizaje automático para predecir resultados electorales con mayor precisión.", " Monitoreo social media : La monitorización constante permite conocer lo qué piensa realmente una población sobre ciertos temas o personas", " Detección temprana desinformación : Algoritmos capaces detectar noticias falsa antes incluso sean publicados", " Automatización procesos administrativos gubernamentales : Procesamiento digitalizado permitirá agilidad burocrática reduciendo tiempos espera ciudadanos", " Mejora servicios públicos mediante análisis Big Data , por ejemplo optimizando rutas transporte público gracias información recopilada sensores IoT instalados vehículos", " Mayor transparencia política gracias tecnología blockchain asegurará integridad elecciones evitando manipulaciones fraudulentas", " Mayor eficiencia en la gestión de crisis gracias a herramientas IA que permiten anticipar y prevenir situaciones críticas"], "videoUrl": "https://www.youtube.com/embed/cXghhnwSW6U", "popularOpinion": "La mayoría de las personas están entusiasmadas con el potencial de la IA para mejorar los procesos políticos, pero también tienen preocupaciones sobre cómo se utilizará esta tecnología. Muchos temen que pueda ser utilizada para manipular elecciones o tomar decisiones injustas.", "summary": "En resumen, la inteligencia artificial está transformando rápidamente nuestro futuro político. Desde campañas electorales personalizadas hasta análisis predictivos avanzados, hay muchas formas en que podemos esperar ver cambios significativos en nuestra sociedad debido al impacto creciente de la AI.", "sources": [" How Artificial Intelligence is Changing Politics (https://www.bbva.com/en/how-artificial-intelligence-is-changing-politics/)", " The Future of Political Campaigning: How AI Will Change Elections Forever (https://emerj.com/ai-sector-overviews/the-future-of-political-campaigning-how-ai-will-change-elections-forever/)", "AI in Government – Applications and Use Cases for Public Sector Organizations( https://emerj.com/ai-sector-overviews/ai-in-government-applications-and-use-cases-for-public-sector-organiations/)"], "amazonLink": ""}, "imageLink": "/home/m0rniac/Desktop/desarrollo/web/lahoralibre/app/categorias/ciencias/el-futuro-politico-9-cambios-que-la-ia-traera-a-nuestra-sociedad/000001.jpg"}, "elem3": {"jsonLink": {"originalTitle": "El futuro de la ciencia: 7 descubrimientos astronómicos y biológicos con IA", "routeTitle": "el-futuro-de-la-ciencia-7-descubrimientos-astronomicos-y-biologicos-con-ia", "headerKeywords": "futuro, ciencia, descubrimientos astronómicos, descubrimientos biológicos, ia, inteligencia artificial", "title": "El futuro de la ciencia: 7 descubrimientos astronómicos y biológicos con IA", "introduction": "La inteligencia artificial (IA) está revolucionando el mundo científico, permitiendo avances que antes eran impensables. En este artículo presentamos siete descubrimientos recientes en los campos de la astronomía y biología gracias al uso de esta tecnología.", "list": [" Telescopios autónomos: La IA permite a los telescopios detectar automáticamente objetos celestes como estrellas o planetas, lo que acelera enormemente el proceso de investigación.", " Análisis genético automatizado: Con herramientas basadas en IA se pueden analizar grandes cantidades de datos genéticos para identificar patrones relacionados con enfermedades o características físicas.", " Predicción del clima espacial: Los satélites equipados con sistemas basados ​​en aprendizaje automático son capaces predecir las tormentas solares y otros fenómenos cósmicos peligrosos para nuestro planeta.", " Identificación temprana del cáncer : Las técnicas avanzadas basadas en AI ayudan a detectar tumores cancerosos mucho más rápido que cualquier método anteriormente utilizado por médicos especialistas", " Descifrar señales extraterrestres - Algoritmos complejos utilizados junto con antenas gigantes han sido diseñado específicamente para buscar signos vida alienígena mediante análisis exhaustivo", " Modelización molecular - Gracias al poder computacional proporcionado por la Inteligencia Artificial , es posible simular cómo interactúan moléculas diferentes entre sí . Esto puede ser útil tanto para la investigación de nuevos medicamentos como para el diseño de materiales innovadores.", " Predicción del cambio climático - Los modelos basados en IA pueden analizar grandes cantidades datos meteorológicos y predecir cómo cambiará nuestro clima a largo plazo."], "videoUrl": "https://www.youtube.com/embed/kT92VTMOvxQ", "popularOpinion": "La comunidad científica está entusiasmada con los avances que se están logrando gracias al uso de la inteligencia artificial. Muchos creen que esta tecnología será clave para resolver algunos de los mayores desafíos actuales, desde enfermedades hasta problemas ambientales.", "summary": "En resumen, estos siete descubrimientos astronómicos y biológicos son solo una muestra del potencial revolucionario que tiene la Inteligencia Artificial en el mundo científico. La capacidad computacional proporcionada por estas herramientas permite acelerar enormemente procesos complejos e incluso abordar preguntas fundamentales sobre nuestra existencia.", "sources": [" How AI is changing the face of astronomy (https://www.nature.com/articles/d41586-019-02667-w)", " Artificial intelligence in genomics: A brief overview and future possibilities (https://www.ncbi.nlm.nih.gov/pmc/articles/PMC7017846/)", " Machine learning for space weather prediction: From data to decision-making (https://agupubs.onlinelibrary.wiley.com/doi/full/10.1029/2018SW002024)", "AI can detect cancer faster than humans", "The Search For Extraterrestrial Intelligence Gets Its Own Neural Network", "Artificial intelligence in materials science: recent progress and future outlook (https://www.nature.com/articles/s41578-020-00251-w)", "Machine learning for climate change: from data to actionable insights"], "amazonLink": ""}, "imageLink": "/home/m0rniac/Desktop/desarrollo/web/lahoralibre/app/categorias/ciencias/el-futuro-de-la-ciencia-7-descubrimientos-astronomicos-y-biologicos-con-ia/000001.jpg"}, "elem4": {"jsonLink": {"originalTitle": "7 maravillas futuristas de la IA en astronomía y biología", "routeTitle": "descubre-las-7-maravillas-futuristas-de-la-ia-en-astronomia-y-biologia", "headerKeywords": "maravillas futuristas, ia, astronomía, biología, tecnología avanzada, inteligencia artificial aplicada a la ciencia y medicina, innovación científica y médica del futuro cercano", "title": "Descubre las 7 maravillas futuristas de la IA en astronomía y biología", "introduction": "La inteligencia artificial (IA) ha revolucionado el mundo científico, especialmente en los campos de la astronomía y biología. Gracias a esta tecnología avanzada, se han descubierto nuevas formas de vida extraterrestre e incluso se están desarrollando tratamientos médicos más efectivos para enfermedades mortales. En este artículo te presentamos las 7 maravillas futuristas que nos ofrece la IA.", "list": [" Telescopios espaciales autónomos: La NASA está trabajando en un proyecto llamado Telescope Array Autonomy que permitirá a los telescopios espaciales tomar decisiones por sí mismos sobre qué objetos observar.", " Diagnóstico médico preciso: Los algoritmos basados ​​en IA pueden analizar grandes cantidades de datos clínicos para ayudar a diagnosticar enfermedades con mayor precisión.", " Robots quirúrgicos inteligentes: Están diseñados para realizar cirugías complejas con una precisión milimétrica gracias al uso del aprendizaje automático y técnicas robóticas avanzadas.", " Detección temprana del cáncer mediante análisis sanguíneos automatizados", " Predicciones meteorológicas exactas utilizando modelos predictivos alimentados por big data", " Descubrimiento de nuevas especies: La IA puede analizar grandes cantidades de datos genéticos para identificar patrones y descubrir nuevas formas de vida.", " Análisis del cerebro humano mediante la creación modelos 3D"], "videoUrl": "https://www.youtube.com/embed/EV4OdCkriPM", "popularOpinion": "Los avances tecnológicos basados ​​en IA están transformando rápidamente nuestra comprensión del universo y nuestro propio cuerpo. Los científicos esperan que estos desarrollos conduzcan a nuevos tratamientos médicos más efectivos e incluso al descubrimiento de vida extraterrestre.", "summary": "En resumen, la inteligencia artificial ha permitido importantes avances en astronomía y biología. Desde telescopios espaciales autónomos hasta robots quirúrgicos inteligentes, estas maravillas futuristas nos ofrecen una visión emocionante sobre cómo será el futuro gracias a esta tecnología avanzada.", "sources": [" https://www.nasa.gov/feature/goddard/2020/nasa-s-telescope-array-autonomy-project-to-give-spacecraft-their-independence/", " https://emerj.com/ai-sector-overviews/artificial-intelligence-for-medical-diagnosis-an-overview-of-trends-and-companies/", " https://www.ncbi.nlm.nih.gov/pmc/articles/PMC6309866/", " http://news.mit.edu/topic/machine-learning2"], "amazonLink": ""}, "imageLink": "/home/m0rniac/Desktop/desarrollo/web/lahoralibre/app/categorias/ciencias/descubre-las-7-maravillas-futuristas-de-la-ia-en-astronomia-y-biologia/000001.jpg"}, "elem5": {"jsonLink": {"originalTitle": "7 maravillas del futuro: Astronomía y biología con IA", "routeTitle": "descubre-las-7-maravillas-del-futuro-en-astronomia-y-biologia-gracias-a-la-inteligencia-artificial", "headerKeywords": "maravillas del futuro, astronomía, biología, ia, inteligencia artificial, tecnología avanzada, innovación científica, descubrimientos futuros, exploración espacial automatizada , robótica médica , medicina personalizada , genómica de precisión , terapia génica avanzada , nanotecnología aplicada a la salud y el medio ambiente  ,energías renovables,transporte autónomo,ciudades inteligentes,realidad virtual y aumentada,blockchain en finanzas y seguridad digital ,internet de las cosas (iot),ciberseguridad avanzada", "title": "Descubre las 7 maravillas del futuro en astronomía y biología gracias a la inteligencia artificial", "introduction": "La tecnología avanza cada vez más rápido, permitiéndonos explorar nuevos horizontes que antes parecían imposibles. En el campo de la ciencia, esto se traduce en grandes descubrimientos e innovaciones que nos acercan al conocimiento total del universo y de nosotros mismos. La combinación entre astronomía, biología e inteligencia artificial es una muestra clara de ello.", "list": [" Telescopios espaciales con IA: Los telescopios equipados con sistemas avanzados de Inteligencia Artificial pueden detectar patrones complejos en los datos recopilados por ellos para identificar objetos celestiales nunca antes vistos.", " Búsqueda automatizada de exoplanetas habitables: Gracias a la IA podemos buscar planetas similares al nuestro fuera del sistema solar sin tener que revisar manualmente todos los datos obtenidos por nuestros instrumentos astronómicos.", " Diagnóstico médico asistido por AI: Con esta herramienta se puede analizar rápidamente imágenes médicas como radiografías o tomografías computadas para ayudarnos a diagnosticar enfermedades mucho más precisamente.", " Modelado molecular predictivo mediante aprendizaje automático (Machine Learning): Esta técnica permite predecir cómo interactúan diferentes moléculas entre sí lo cual ayuda enormemente tanto en investigación farmacológica como química básica", " Análisis genético masivo utilizando técnicas bioinformáticas basadas ​​en Machine Learning : Esto facilitará el análisis simultáneo millones secuencias genéticas humanas , lo cual será clave para entender mejor nuestra propia especie .", " Sistemas de monitoreo ambiental con IA: La inteligencia artificial puede ayudarnos a detectar patrones en los datos recopilados por sensores para predecir desastres naturales y mejorar la calidad del aire, agua y suelo.", " Modelado climático avanzado mediante Machine Learning : Con esta técnica se pueden hacer predicciones más precisas sobre el cambio climático , lo cual es fundamental para tomar medidas preventivas."], "videoUrl": "https://www.youtube.com/embed/SFDbYDB47uI", "popularOpinion": "La combinación entre astronomía, biología e inteligencia artificial ha generado una gran expectativa en todo el mundo. Muchos expertos creen que estas herramientas serán clave para resolver algunos de los mayores misterios del universo así como también nos permitirá entender mejor nuestro propio cuerpo y medio ambiente.", "summary": "Las 7 maravillas del futuro son un conjunto de innovaciones tecnológicas basadas ​​en la combinación entre astronomía, biología e Inteligencia Artificial. Estas herramientas están revolucionando nuestra forma de explorar el universo mientras al mismo tiempo nos acercan cada vez más a comprendernos nosotros mismos .", "sources": [" https://www.nature.com/articles/d41586-019-02787-w", " https://www.sciencedirect.com/science/article/pii/S1364815219301916", " https://pubmed.ncbi.nlm.nih.gov/30879183/", "https://ieeexplore.ieee.org/document/8467314", "https://journals.plos.org/plosone/article?id=10.1371/journal.pone.0214225", "https://agupubs.onlinelibrary.wiley.com/doi/full/10.1029/2018GL080383"], "amazonLink": ""}, "imageLink": "/home/m0rniac/Desktop/desarrollo/web/lahoralibre/app/categorias/ciencias/descubre-las-7-maravillas-del-futuro-en-astronomia-y-biologia-gracias-a-la-inteligencia-artificial/000001.jpg"}, "elem6": {"jsonLink": {"originalTitle": "9 formas en que la IA transformará la política del futuro", "routeTitle": "9-formas-en-que-la-ia-transformara-la-politica-del-futuro", "headerKeywords": "ia, transformación, política, futuro, tecnología, innovación, automatización, análisis de datos,inteligencia artificial aplicada a la política,toma de decisiones políticas basadas en ia,algoritmos predictivos para elecciones y votaciones,análisis del comportamiento electoral mediante ia,optimización de campañas electorales con inteligencia artificialmejora en el proceso legislativo gracias a la iatransparencia gubernamental impulsada por la ai seguridad cibernética y protección contra ataques informáticos monitoreo ciudadano mediante herramientas digitales  plataformas virtuales para participación ciudadana   eficiencia administrativa gracias al uso de sistemas inteligentes    reducción del error humano en procesos políticos     automatización de tareas repetitivas      gestión eficiente del presupuesto público       políticas públicas más efectivas e inclusivas        acceso igualitario a servicios básicos          prevención y solución temprana de conflictos sociales         protección ambiental guiada por inteligencia artificial", "title": "9 formas en que la IA transformará la política del futuro", "introduction": "La inteligencia artificial (IA) está cambiando el mundo a un ritmo acelerado, y no es diferente cuando se trata de políticas gubernamentales. Desde mejorar los servicios públicos hasta aumentar la transparencia y eficiencia, aquí hay nueve maneras en que la IA cambiará las políticas del futuro.", "list": [" Automatización de procesos administrativos: La automatización puede ayudar a reducir costos al eliminar tareas repetitivas como ingreso de datos o revisión manual.", " Análisis predictivo para toma decisiones informadas: Los sistemas basados ​​en AI pueden analizar grandes cantidades de datos para predecir resultados futuros con mayor precisión.", " Mejora en seguridad cibernética: Las herramientas impulsadas por AI pueden detectar amenazas potenciales antes incluso que ocurran.", " Mayor personalización en servicios públicos: Con una mejor comprensión individualizada gracias a análisis avanzados, los gobiernos podrán ofrecer soluciones más específicas e innovadoras según las necesidades individuales", " Reducción del sesgo humano involuntario : Al utilizar modelos matemáticos objetivos ,la IA podría disminuir el impacto negativo causado por prejuicios humanos inconscientes .", " Aumento significativo de productividad laboral : La implementación adecuada permitirá liberar tiempo valioso para empleados dedicándose así actividades mas importantes", " Monitoreo ambiental constante : El uso continuó sensores conectados permite recopilar información sobre cambios medioambientales críticos lo cual ayuda tomar medidas preventivas oportunamente .", " Transparencia financiera mejorada : Gracias al análisis de datos en tiempo real, los gobiernos pueden detectar y prevenir fraudes financieros con mayor eficacia.", " Mayor participación ciudadana: La IA puede ayudar a involucrar más activamente al público mediante la creación de plataformas interactivas que permitan una comunicación bidireccional."], "videoUrl": "https://www.youtube.com/embed/qiuzmCFLElY", "popularOpinion": "La mayoría está entusiasmada por el potencial transformador de la inteligencia artificial en las políticas gubernamentales. Sin embargo, también hay preocupaciones sobre cómo se utilizará esta tecnología para garantizar su uso ético y justo.", "summary": "En resumen, la IA tiene un gran impacto potencial en las políticas del futuro. Desde mejorar servicios públicos hasta aumentar transparencia financiera ,la implementacion adecuada podría tener efectos positivos significativos .Sin embargo es importante asegurarse que sea utilizada responsablemente .", "sources": [" https://www.weforum.org/agenda/2019/01/how-artificial-intelligence-is-transforming-the-world-of-politics/", " https://www.brookings.edu/research/artificial-intelligence-and-public-policy/", " https://blogs.worldbank.org/digital-development/nine-thoughts-how-artificial-intelligence-will-affect-policymaking"], "amazonLink": ""}, "imageLink": "/home/m0rniac/Desktop/desarrollo/web/lahoralibre/app/categorias/ciencias/9-formas-en-que-la-ia-transformara-la-politica-del-futuro/000001.jpg"}}