{"id":"tt0110413","title":"Léon: The Professional","originalTitle":"Léon","fullTitle":"Léon: The Professional (1994)","type":"Movie","year":"1994","image":"https://imdb-api.com/images/original/MV5BODllNWE0MmEtYjUwZi00ZjY3LThmNmQtZjZlMjI2YTZjYmQ0XkEyXkFqcGdeQXVyNTc1NTQxODI@._V1_Ratio0.6791_AL_.jpg","releaseDate":"1994-09-14","runtimeMins":"110","runtimeStr":"1h 50mins","plot":"After her father, step-mother, step-sister and little brother are killed by her father's employers, the 12-year-old daughter of an abject drug dealer manages to take refuge in the apartment of a professional hitman who at her request teaches her the methods of his job so she can take her revenge on the corrupt DEA agent who ruined her life by killing her beloved brother.","plotLocal":"","plotLocalIsRtl":false,"awards":"Top Rated Movies #31 | 6 wins & 15 nominations.","directors":"Luc Besson","directorList":[{"id":"nm0000108","name":"Luc Besson"}],"writers":"Luc Besson","writerList":[{"id":"nm0000108","name":"Luc Besson"}],"stars":"Jean Reno, Gary Oldman, Natalie Portman, Danny Aiello","starList":[{"id":"nm0000606","name":"Jean Reno"},{"id":"nm0000198","name":"Gary Oldman"},{"id":"nm0000204","name":"Natalie Portman"},{"id":"nm0000732","name":"Danny Aiello"}],"actorList":[{"id":"nm0000606","image":"https://imdb-api.com/images/original/MV5BMTgzNjA1MjY2M15BMl5BanBnXkFtZTYwMjgzOTk0._V1_Ratio0.7273_AL_.jpg","name":"Jean Reno","asCharacter":"Leon"},{"id":"nm0000198","image":"https://imdb-api.com/images/original/MV5BMTc3NTM4MzQ5MV5BMl5BanBnXkFtZTcwOTE4MDczNw@@._V1_Ratio0.7273_AL_.jpg","name":"Gary Oldman","asCharacter":"Stansfield"},{"id":"nm0000204","image":"https://imdb-api.com/images/original/MV5BMTQ3ODE3Mjg1NV5BMl5BanBnXkFtZTcwNzA4ODcxNA@@._V1_Ratio0.7273_AL_.jpg","name":"Natalie Portman","asCharacter":"Mathilda"},{"id":"nm0000732","image":"https://imdb-api.com/images/original/MV5BNTMxMjYzNzk5Nl5BMl5BanBnXkFtZTcwNzU4NDgwMw@@._V1_Ratio0.9545_AL_.jpg","name":"Danny Aiello","asCharacter":"Tony"},{"id":"nm0032216","image":"https://imdb-api.com/images/original/MV5BMDVlNjcxM2ItNTU2NC00YzJkLWFlMzEtZGYwMTI0MmI5ZGE4XkEyXkFqcGdeQXVyNjkyNzAzNg@@._V1_Ratio0.7273_AL_.jpg","name":"Peter Appel","asCharacter":"Malky"},{"id":"nm0089112","image":"https://imdb-api.com/images/original/MV5BNGU5YTdkODMtYjAxYS00NmM4LWI0MGEtZjZmNGMwYTA2Njg0XkEyXkFqcGdeQXVyNjUxMjc1OTM@._V1_Ratio2.3636_AL_.jpg","name":"Willi One Blood","asCharacter":"1st Stansfield Man (as Willie One Blood)"},{"id":"nm0187199","image":"https://imdb-api.com/images/original/MV5BMTQ4MDMyODEyMF5BMl5BanBnXkFtZTgwNDI4OTQ1MjE@._V1_Ratio1.3182_AL_.jpg","name":"Don Creech","asCharacter":"2nd Stansfield Man"},{"id":"nm0321798","image":"https://imdb-api.com/images/original/nopicture.jpg","name":"Keith A. Glascoe","asCharacter":"3rd Stansfield Man"},{"id":"nm0779685","image":"https://imdb-api.com/images/original/nopicture.jpg","name":"Randolph Scott","asCharacter":"4th StansfieldMman"},{"id":"nm0045937","image":"https://imdb-api.com/images/original/MV5BMTQxNTAxMjI3N15BMl5BanBnXkFtZTYwODY4MTg1._V1_Ratio0.7273_AL_.jpg","name":"Michael Badalucco","asCharacter":"Mathilda's Father"},{"id":"nm0338746","image":"https://imdb-api.com/images/original/MV5BODczMTdmYTQtNjlmYS00MzgxLTk2ZWEtYmQ1ZWIzM2U0M2E1XkEyXkFqcGdeQXVyMTEwODg2MDY@._V1_Ratio1.3182_AL_.jpg","name":"Ellen Greene","asCharacter":"Mathilda's Mother"},{"id":"nm0716408","image":"https://imdb-api.com/images/original/MV5BMTU3NzA1ODQ2OV5BMl5BanBnXkFtZTcwNDU5OTAzMQ@@._V1_Ratio0.7273_AL_.jpg","name":"Elizabeth Regen","asCharacter":"Mathilda's Sister"},{"id":"nm0560593","image":"https://imdb-api.com/images/original/nopicture.jpg","name":"Carl J. Matusovich","asCharacter":"Mathilda's Brother"},{"id":"nm0784262","image":"https://imdb-api.com/images/original/MV5BMTM1Njk4NTEyOV5BMl5BanBnXkFtZTYwNDI2Mzgy._V1_Ratio1.3636_AL_.jpg","name":"Frank Senger","asCharacter":"Fatman"},{"id":"nm1707797","image":"https://imdb-api.com/images/original/MV5BZTk5MWQwYjctYmZmMy00MGE4LWIwN2ItMTA2ZjM2YjBkOGViXkEyXkFqcGdeQXVyNjUxMjc1OTM@._V1_Ratio1.6364_AL_.jpg","name":"Lucius Wyatt Cherokee","asCharacter":"Tonto (as Lucius Wyatt 'Cherokee')"},{"id":"nm0149987","image":"https://imdb-api.com/images/original/nopicture.jpg","name":"Eric Challier","asCharacter":"Bodyguard Chief"},{"id":"nm0076306","image":"https://imdb-api.com/images/original/nopicture.jpg","name":"Luc Bernard","asCharacter":"Mickey"},{"id":"nm0494069","image":"https://imdb-api.com/images/original/MV5BNDE0Mjk0MjIyN15BMl5BanBnXkFtZTcwMTg5NzUyNQ@@._V1_Ratio0.7273_AL_.jpg","name":"Maïwenn","asCharacter":"Blond Babe (as Ouin-Ouin)"},{"id":"nm0449086","image":"https://imdb-api.com/images/original/MV5BZTRkMTBkY2QtODAwNi00ZmY5LTk0MzMtYmUyMDY0ODFkY2EyXkEyXkFqcGdeQXVyNjUxMjc1OTM@._V1_Ratio2.3636_AL_.jpg","name":"Jessie Keosian","asCharacter":"Old Lady"},{"id":"nm0552327","image":"https://imdb-api.com/images/original/MV5BMGQzNGY1MDUtMTdhOS00NDQ3LWE2NjEtNWUwYjU1NjcwY2E4XkEyXkFqcGdeQXVyNjUxMjc1OTM@._V1_Ratio2.1364_AL_.jpg","name":"George Martin","asCharacter":"Receptionist"},{"id":"nm0788773","image":"https://imdb-api.com/images/original/MV5BYmYyNzEyNzItMzJlMC00Mzg3LWFhOTUtZmYwY2Y3MWQ2MDE2XkEyXkFqcGdeQXVyNjUxMjc1OTM@._V1_Ratio0.8182_AL_.jpg","name":"Abdul Hassan Sharif","asCharacter":"Mathilda's Taxi Driver"},{"id":"nm0748785","image":"https://imdb-api.com/images/original/MV5BZGNkZWZiMDAtZDE4Yi00NjkyLWJmNDYtZTQyMzVmODMzYTExXkEyXkFqcGdeQXVyNjUxMjc1OTM@._V1_Ratio0.7273_AL_.jpg","name":"Stuart Rudin","asCharacter":"Leon's Taxi Driver"},{"id":"nm0110398","image":"https://imdb-api.com/images/original/MV5BNzExZGE2YjUtOTVjZi00N2QyLWJkMmUtYTFiNDM4YjhkYmIxXkEyXkFqcGdeQXVyNjUxMjc1OTM@._V1_Ratio0.7273_AL_.jpg","name":"Kent Broadhurst","asCharacter":"1st Policeman"},{"id":"nm0391218","image":"https://imdb-api.com/images/original/MV5BYjVlM2MzYzgtZWVmNi00MWYzLTgzNjctZWMyMjExODE1NTAzXkEyXkFqcGdeQXVyNjUxMjc1OTM@._V1_Ratio0.7273_AL_.jpg","name":"Tommy Hollis","asCharacter":"2nd Policeman"},{"id":"nm0511052","image":"https://imdb-api.com/images/original/MV5BZjM5ZTE0ODAtMWUyMy00YmI1LTgyMjAtOTg4YjU2YTJiYjE1XkEyXkFqcGdeQXVyMjQwMDg0Ng@@._V1_Ratio0.7273_AL_.jpg","name":"Peter Linari","asCharacter":"1st Security Man"},{"id":"nm0510796","image":"https://imdb-api.com/images/original/nopicture.jpg","name":"Johnny Limo","asCharacter":"2nd Security Man"},{"id":"nm0670787","image":"https://imdb-api.com/images/original/nopicture.jpg","name":"Danny Peled","asCharacter":"Kid's Leader"},{"id":"nm0908203","image":"https://imdb-api.com/images/original/nopicture.jpg","name":"Seth Jerome Walker","asCharacter":"Pauly"},{"id":"nm0612750","image":"https://imdb-api.com/images/original/nopicture.jpg","name":"Michael Mundra","asCharacter":"Cigarette Kid"},{"id":"nm0223418","image":"https://imdb-api.com/images/original/nopicture.jpg","name":"Alex Dezen","asCharacter":"Ball Kid"},{"id":"nm0587960","image":"https://imdb-api.com/images/original/MV5BZjc3MmMwM2UtMzMwOS00NzU1LWExNzktMTFiMTAyNWNhYzExXkEyXkFqcGdeQXVyNjUxMjc1OTM@._V1_Ratio2.0455_AL_.jpg","name":"Betty Miller","asCharacter":"Orphanage Headmistress"},{"id":"nm0060799","image":"https://imdb-api.com/images/original/MV5BOGZlZjNkNjYtZjY3Mi00M2ExLWIyNWYtZGZmNWMyMmQyYWQxXkEyXkFqcGdeQXVyMTExMTc3NzU5._V1_Ratio0.7273_AL_.jpg","name":"Geoffrey Bateman","asCharacter":"SWAT Chief"},{"id":"nm0423208","image":"https://imdb-api.com/images/original/MV5BOWJhYTBjNTktMjcxNC00NmMyLWIwZWQtOTdjZDY4NWMzM2Y1XkEyXkFqcGdeQXVyNjUxMjc1OTM@._V1_Ratio0.7273_AL_.jpg","name":"Arsène Jiroyan","asCharacter":"SWAT Hostage"},{"id":"nm0900408","image":"https://imdb-api.com/images/original/nopicture.jpg","name":"Peter Vizard","asCharacter":"Doctor"},{"id":"nm0539376","image":"https://imdb-api.com/images/original/MV5BOGQ1ZmI0NDMtMzhkZi00YTE2LWIxZmQtMjMzZGY0MzdlMDc5XkEyXkFqcGdeQXVyMTAwMzUyMzUy._V1_Ratio0.7273_AL_.jpg","name":"Joseph Malerba","asCharacter":"Stairway SWAT"},{"id":"nm0124887","image":"https://imdb-api.com/images/original/nopicture.jpg","name":"David W. Butler","asCharacter":"Important Jogger (as David Butler)"},{"id":"nm0489436","image":"https://imdb-api.com/images/original/MV5BNzZlNzIzZjYtZjY5MS00NjQyLTk5MDAtNDNkYWJlMjI5MTBhXkEyXkFqcGdeQXVyMTUwOTQwODQ@._V1_Ratio0.7273_AL_.jpg","name":"Robert LaSardo","asCharacter":"Client #1 (as Robert Lasardo)"},{"id":"nm0327350","image":"https://imdb-api.com/images/original/nopicture.jpg","name":"Steve Gonnelo","asCharacter":"3rd Security Guard"},{"id":"nm0830140","image":"https://imdb-api.com/images/original/nopicture.jpg","name":"William James Stiggers Jr.","asCharacter":"Subway Rapper (as Willie Stiggers Jr.)"},{"id":"nm0706520","image":"https://imdb-api.com/images/original/nopicture.jpg","name":"Anthony Ragland","asCharacter":"Uniformed Guard"},{"id":"nm0086521","image":"https://imdb-api.com/images/original/nopicture.jpg","name":"Crystal Michelle Blake","asCharacter":"Girl"},{"id":"nm0957273","image":"https://imdb-api.com/images/original/nopicture.jpg","name":"Sonny Zito","asCharacter":"DEA Security Guard"},{"id":"nm0379696","image":"https://imdb-api.com/images/original/nopicture.jpg","name":"Rocky Hernandez","asCharacter":"Cop"},{"id":"nm0669132","image":"https://imdb-api.com/images/original/nopicture.jpg","name":"Randy Pearlstein","asCharacter":"Security Guard"},{"id":"nm0906894","image":"https://imdb-api.com/images/original/nopicture.jpg","name":"Trevor Walace","asCharacter":"Policeman"},{"id":"nm0120165","image":"https://imdb-api.com/images/original/nopicture.jpg","name":"Keith S. Bullock","asCharacter":"Bodyguard"},{"id":"nm0564315","image":"https://imdb-api.com/images/original/nopicture.jpg","name":"Jeff McBride","asCharacter":"Bodyguard"},{"id":"nm0278908","image":"https://imdb-api.com/images/original/nopicture.jpg","name":"Fred Fischer","asCharacter":"Newspaperman"},{"id":"nm0433214","image":"https://imdb-api.com/images/original/nopicture.jpg","name":"Peter Justinius","asCharacter":"Secret Service"},{"id":"nm0069171","image":"https://imdb-api.com/images/original/nopicture.jpg","name":"Denis Bellocq","asCharacter":"Jogger"},{"id":"nm0216708","image":"https://imdb-api.com/images/original/nopicture.jpg","name":"Thomas Delehanty","asCharacter":"CIA Agent"},{"id":"nm0893281","image":"https://imdb-api.com/images/original/nopicture.jpg","name":"Ed Ventresca","asCharacter":"Fatman Bodyguard"},{"id":"nm0939387","image":"https://imdb-api.com/images/original/nopicture.jpg","name":"Wallace Wong","asCharacter":"Chinatown Boss"},{"id":"nm0938976","image":"https://imdb-api.com/images/original/nopicture.jpg","name":"Cary Wong","asCharacter":"Chinatown Boss' sidekick"},{"id":"nm0738505","image":"https://imdb-api.com/images/original/nopicture.jpg","name":"Amimul Rolly","asCharacter":"Bellhop #1"},{"id":"nm0711151","image":"https://imdb-api.com/images/original/nopicture.jpg","name":"Mohammed Rashid","asCharacter":"Bellhop #2"},{"id":"nm0123951","image":"https://imdb-api.com/images/original/MV5BMzExNjU1MjY1NF5BMl5BanBnXkFtZTcwNTczNDg3Nw@@._V1_Ratio1.5000_AL_.jpg","name":"Adam Busch","asCharacter":"Manolo"},{"id":"nm0865356","image":"https://imdb-api.com/images/original/nopicture.jpg","name":"Mario Todisco","asCharacter":"Tony's Barber"},{"id":"nm0577820","image":"https://imdb-api.com/images/original/nopicture.jpg","name":"James Melissinos","asCharacter":"Girl Chaser"},{"id":"nm0122073","image":"https://imdb-api.com/images/original/MV5BYTczNzhjZTQtNWYxYS00YzMyLTkwN2QtZDBlNTgzMDRkZWJlXkEyXkFqcGdeQXVyMjQwMDg0Ng@@._V1_Ratio0.7273_AL_.jpg","name":"Jernard Burks","asCharacter":"Stansfield man (as Jernard Burkes)"},{"id":"nm0210187","image":"https://imdb-api.com/images/original/nopicture.jpg","name":"Matt De Matt","asCharacter":"Stansfield man"},{"id":"nm0618651","image":"https://imdb-api.com/images/original/MV5BMTk1NDM5ODUxMV5BMl5BanBnXkFtZTgwMTcwMTg5ODE@._V1_Ratio0.7273_AL_.jpg","name":"Samy Naceri","asCharacter":"SWAT 1"},{"id":"nm0310336","image":"https://imdb-api.com/images/original/nopicture.jpg","name":"Christophe Gautier","asCharacter":"SWAT 2"},{"id":"nm0021841","image":"https://imdb-api.com/images/original/nopicture.jpg","name":"Junior Almeida","asCharacter":"SWAT 3"},{"id":"nm0339568","image":"https://imdb-api.com/images/original/nopicture.jpg","name":"David Gregg","asCharacter":"SWAT 4"},{"id":"nm0598969","image":"https://imdb-api.com/images/original/nopicture.jpg","name":"Michel Montanary","asCharacter":"SWAT 5"},{"id":"nm0404071","image":"https://imdb-api.com/images/original/nopicture.jpg","name":"Hervé Husson","asCharacter":"SWAT 6"},{"id":"nm0499519","image":"https://imdb-api.com/images/original/nopicture.jpg","name":"Didier Legros","asCharacter":"SWAT 7"},{"id":"nm0029272","image":"https://imdb-api.com/images/original/MV5BMzIyNmViMjMtOWU3MC00YmI4LWI5OWMtMzI2NDk3NjE5MjJmXkEyXkFqcGdeQXVyMTI3MDk3MzQ@._V1_Ratio2.3636_AL_.jpg","name":"Marc Andréoni","asCharacter":"SWAT 8 (as Marc Andreoni)"},{"id":"nm0458521","image":"https://imdb-api.com/images/original/nopicture.jpg","name":"Gilles Kleber","asCharacter":"SWAT 9"},{"id":"nm0506122","image":"https://imdb-api.com/images/original/nopicture.jpg","name":"Junior John Levis","asCharacter":"SWAT 10"},{"id":"nm0767029","image":"https://imdb-api.com/images/original/nopicture.jpg","name":"Tony Sauraye","asCharacter":"Bodyguard 1"},{"id":"nm0561190","image":"https://imdb-api.com/images/original/nopicture.jpg","name":"Thierry Maurio","asCharacter":"Bodyguard 2"},{"id":"nm0265287","image":"https://imdb-api.com/images/original/nopicture.jpg","name":"James Fahrner","asCharacter":"Bodyguard 3"},{"id":"nm0770943","image":"https://imdb-api.com/images/original/nopicture.jpg","name":"Daniel Schenmetzler","asCharacter":"Bodyguard 4"},{"id":"nm0136563","image":"https://imdb-api.com/images/original/MV5BZGYxMjVhYTQtYWQzZS00Y2RmLWIwMTctMmZiMTgzNWY4YzRhXkEyXkFqcGdeQXVyMjMwMzQ0Ng@@._V1_Ratio0.7273_AL_.jpg","name":"Hélène Cardona","asCharacter":"Student (uncredited)"},{"id":"nm0858462","image":"https://imdb-api.com/images/original/nopicture.jpg","name":"Alyssia Dujmovich","asCharacter":"Student (uncredited)"},{"id":"nm0917620","image":"https://imdb-api.com/images/original/MV5BMzU0MDM1ODE4NF5BMl5BanBnXkFtZTcwMjU2NjI5Ng@@._V1_Ratio1.3182_AL_.jpg","name":"Michael Wehrhahn","asCharacter":"Jimmy, SWAT Team Member (uncredited)"}],"fullCast":{"imDbId":"tt0110413","title":"Léon: The Professional","fullTitle":"Léon: The Professional (1994)","type":"Movie","year":"1994","directors":{"job":"Director","items":[{"id":"nm0000108","name":"Luc Besson","description":""}]},"writers":{"job":"Writer","items":[{"id":"nm0000108","name":"Luc Besson","description":"(written by)"}]},"actors":[{"id":"nm0000606","image":"https://imdb-api.com/images/original/MV5BMTgzNjA1MjY2M15BMl5BanBnXkFtZTYwMjgzOTk0._V1_Ratio0.7273_AL_.jpg","name":"Jean Reno","asCharacter":"Leon"},{"id":"nm0000198","image":"https://imdb-api.com/images/original/MV5BMTc3NTM4MzQ5MV5BMl5BanBnXkFtZTcwOTE4MDczNw@@._V1_Ratio0.7273_AL_.jpg","name":"Gary Oldman","asCharacter":"Stansfield"},{"id":"nm0000204","image":"https://imdb-api.com/images/original/MV5BMTQ3ODE3Mjg1NV5BMl5BanBnXkFtZTcwNzA4ODcxNA@@._V1_Ratio0.7273_AL_.jpg","name":"Natalie Portman","asCharacter":"Mathilda"},{"id":"nm0000732","image":"https://imdb-api.com/images/original/MV5BNTMxMjYzNzk5Nl5BMl5BanBnXkFtZTcwNzU4NDgwMw@@._V1_Ratio0.9545_AL_.jpg","name":"Danny Aiello","asCharacter":"Tony"},{"id":"nm0032216","image":"https://imdb-api.com/images/original/MV5BMDVlNjcxM2ItNTU2NC00YzJkLWFlMzEtZGYwMTI0MmI5ZGE4XkEyXkFqcGdeQXVyNjkyNzAzNg@@._V1_Ratio0.7273_AL_.jpg","name":"Peter Appel","asCharacter":"Malky"},{"id":"nm0089112","image":"https://imdb-api.com/images/original/MV5BNGU5YTdkODMtYjAxYS00NmM4LWI0MGEtZjZmNGMwYTA2Njg0XkEyXkFqcGdeQXVyNjUxMjc1OTM@._V1_Ratio2.3636_AL_.jpg","name":"Willi One Blood","asCharacter":"1st Stansfield Man (as Willie One Blood)"},{"id":"nm0187199","image":"https://imdb-api.com/images/original/MV5BMTQ4MDMyODEyMF5BMl5BanBnXkFtZTgwNDI4OTQ1MjE@._V1_Ratio1.3182_AL_.jpg","name":"Don Creech","asCharacter":"2nd Stansfield Man"},{"id":"nm0321798","image":"https://imdb-api.com/images/original/nopicture.jpg","name":"Keith A. Glascoe","asCharacter":"3rd Stansfield Man"},{"id":"nm0779685","image":"https://imdb-api.com/images/original/nopicture.jpg","name":"Randolph Scott","asCharacter":"4th StansfieldMman"},{"id":"nm0045937","image":"https://imdb-api.com/images/original/MV5BMTQxNTAxMjI3N15BMl5BanBnXkFtZTYwODY4MTg1._V1_Ratio0.7273_AL_.jpg","name":"Michael Badalucco","asCharacter":"Mathilda's Father"},{"id":"nm0338746","image":"https://imdb-api.com/images/original/MV5BODczMTdmYTQtNjlmYS00MzgxLTk2ZWEtYmQ1ZWIzM2U0M2E1XkEyXkFqcGdeQXVyMTEwODg2MDY@._V1_Ratio1.3182_AL_.jpg","name":"Ellen Greene","asCharacter":"Mathilda's Mother"},{"id":"nm0716408","image":"https://imdb-api.com/images/original/MV5BMTU3NzA1ODQ2OV5BMl5BanBnXkFtZTcwNDU5OTAzMQ@@._V1_Ratio0.7273_AL_.jpg","name":"Elizabeth Regen","asCharacter":"Mathilda's Sister"},{"id":"nm0560593","image":"https://imdb-api.com/images/original/nopicture.jpg","name":"Carl J. Matusovich","asCharacter":"Mathilda's Brother"},{"id":"nm0784262","image":"https://imdb-api.com/images/original/MV5BMTM1Njk4NTEyOV5BMl5BanBnXkFtZTYwNDI2Mzgy._V1_Ratio1.3636_AL_.jpg","name":"Frank Senger","asCharacter":"Fatman"},{"id":"nm1707797","image":"https://imdb-api.com/images/original/MV5BZTk5MWQwYjctYmZmMy00MGE4LWIwN2ItMTA2ZjM2YjBkOGViXkEyXkFqcGdeQXVyNjUxMjc1OTM@._V1_Ratio1.6364_AL_.jpg","name":"Lucius Wyatt Cherokee","asCharacter":"Tonto (as Lucius Wyatt 'Cherokee')"},{"id":"nm0149987","image":"https://imdb-api.com/images/original/nopicture.jpg","name":"Eric Challier","asCharacter":"Bodyguard Chief"},{"id":"nm0076306","image":"https://imdb-api.com/images/original/nopicture.jpg","name":"Luc Bernard","asCharacter":"Mickey"},{"id":"nm0494069","image":"https://imdb-api.com/images/original/MV5BNDE0Mjk0MjIyN15BMl5BanBnXkFtZTcwMTg5NzUyNQ@@._V1_Ratio0.7273_AL_.jpg","name":"Maïwenn","asCharacter":"Blond Babe (as Ouin-Ouin)"},{"id":"nm0449086","image":"https://imdb-api.com/images/original/MV5BZTRkMTBkY2QtODAwNi00ZmY5LTk0MzMtYmUyMDY0ODFkY2EyXkEyXkFqcGdeQXVyNjUxMjc1OTM@._V1_Ratio2.3636_AL_.jpg","name":"Jessie Keosian","asCharacter":"Old Lady"},{"id":"nm0552327","image":"https://imdb-api.com/images/original/MV5BMGQzNGY1MDUtMTdhOS00NDQ3LWE2NjEtNWUwYjU1NjcwY2E4XkEyXkFqcGdeQXVyNjUxMjc1OTM@._V1_Ratio2.1364_AL_.jpg","name":"George Martin","asCharacter":"Receptionist"},{"id":"nm0788773","image":"https://imdb-api.com/images/original/MV5BYmYyNzEyNzItMzJlMC00Mzg3LWFhOTUtZmYwY2Y3MWQ2MDE2XkEyXkFqcGdeQXVyNjUxMjc1OTM@._V1_Ratio0.8182_AL_.jpg","name":"Abdul Hassan Sharif","asCharacter":"Mathilda's Taxi Driver"},{"id":"nm0748785","image":"https://imdb-api.com/images/original/MV5BZGNkZWZiMDAtZDE4Yi00NjkyLWJmNDYtZTQyMzVmODMzYTExXkEyXkFqcGdeQXVyNjUxMjc1OTM@._V1_Ratio0.7273_AL_.jpg","name":"Stuart Rudin","asCharacter":"Leon's Taxi Driver"},{"id":"nm0110398","image":"https://imdb-api.com/images/original/MV5BNzExZGE2YjUtOTVjZi00N2QyLWJkMmUtYTFiNDM4YjhkYmIxXkEyXkFqcGdeQXVyNjUxMjc1OTM@._V1_Ratio0.7273_AL_.jpg","name":"Kent Broadhurst","asCharacter":"1st Policeman"},{"id":"nm0391218","image":"https://imdb-api.com/images/original/MV5BYjVlM2MzYzgtZWVmNi00MWYzLTgzNjctZWMyMjExODE1NTAzXkEyXkFqcGdeQXVyNjUxMjc1OTM@._V1_Ratio0.7273_AL_.jpg","name":"Tommy Hollis","asCharacter":"2nd Policeman"},{"id":"nm0511052","image":"https://imdb-api.com/images/original/MV5BZjM5ZTE0ODAtMWUyMy00YmI1LTgyMjAtOTg4YjU2YTJiYjE1XkEyXkFqcGdeQXVyMjQwMDg0Ng@@._V1_Ratio0.7273_AL_.jpg","name":"Peter Linari","asCharacter":"1st Security Man"},{"id":"nm0510796","image":"https://imdb-api.com/images/original/nopicture.jpg","name":"Johnny Limo","asCharacter":"2nd Security Man"},{"id":"nm0670787","image":"https://imdb-api.com/images/original/nopicture.jpg","name":"Danny Peled","asCharacter":"Kid's Leader"},{"id":"nm0908203","image":"https://imdb-api.com/images/original/nopicture.jpg","name":"Seth Jerome Walker","asCharacter":"Pauly"},{"id":"nm0612750","image":"https://imdb-api.com/images/original/nopicture.jpg","name":"Michael Mundra","asCharacter":"Cigarette Kid"},{"id":"nm0223418","image":"https://imdb-api.com/images/original/nopicture.jpg","name":"Alex Dezen","asCharacter":"Ball Kid"},{"id":"nm0587960","image":"https://imdb-api.com/images/original/MV5BZjc3MmMwM2UtMzMwOS00NzU1LWExNzktMTFiMTAyNWNhYzExXkEyXkFqcGdeQXVyNjUxMjc1OTM@._V1_Ratio2.0455_AL_.jpg","name":"Betty Miller","asCharacter":"Orphanage Headmistress"},{"id":"nm0060799","image":"https://imdb-api.com/images/original/MV5BOGZlZjNkNjYtZjY3Mi00M2ExLWIyNWYtZGZmNWMyMmQyYWQxXkEyXkFqcGdeQXVyMTExMTc3NzU5._V1_Ratio0.7273_AL_.jpg","name":"Geoffrey Bateman","asCharacter":"SWAT Chief"},{"id":"nm0423208","image":"https://imdb-api.com/images/original/MV5BOWJhYTBjNTktMjcxNC00NmMyLWIwZWQtOTdjZDY4NWMzM2Y1XkEyXkFqcGdeQXVyNjUxMjc1OTM@._V1_Ratio0.7273_AL_.jpg","name":"Arsène Jiroyan","asCharacter":"SWAT Hostage"},{"id":"nm0900408","image":"https://imdb-api.com/images/original/nopicture.jpg","name":"Peter Vizard","asCharacter":"Doctor"},{"id":"nm0539376","image":"https://imdb-api.com/images/original/MV5BOGQ1ZmI0NDMtMzhkZi00YTE2LWIxZmQtMjMzZGY0MzdlMDc5XkEyXkFqcGdeQXVyMTAwMzUyMzUy._V1_Ratio0.7273_AL_.jpg","name":"Joseph Malerba","asCharacter":"Stairway SWAT"},{"id":"nm0124887","image":"https://imdb-api.com/images/original/nopicture.jpg","name":"David W. Butler","asCharacter":"Important Jogger (as David Butler)"},{"id":"nm0489436","image":"https://imdb-api.com/images/original/MV5BNzZlNzIzZjYtZjY5MS00NjQyLTk5MDAtNDNkYWJlMjI5MTBhXkEyXkFqcGdeQXVyMTUwOTQwODQ@._V1_Ratio0.7273_AL_.jpg","name":"Robert LaSardo","asCharacter":"Client #1 (as Robert Lasardo)"},{"id":"nm0327350","image":"https://imdb-api.com/images/original/nopicture.jpg","name":"Steve Gonnelo","asCharacter":"3rd Security Guard"},{"id":"nm0830140","image":"https://imdb-api.com/images/original/nopicture.jpg","name":"William James Stiggers Jr.","asCharacter":"Subway Rapper (as Willie Stiggers Jr.)"},{"id":"nm0706520","image":"https://imdb-api.com/images/original/nopicture.jpg","name":"Anthony Ragland","asCharacter":"Uniformed Guard"},{"id":"nm0086521","image":"https://imdb-api.com/images/original/nopicture.jpg","name":"Crystal Michelle Blake","asCharacter":"Girl"},{"id":"nm0957273","image":"https://imdb-api.com/images/original/nopicture.jpg","name":"Sonny Zito","asCharacter":"DEA Security Guard"},{"id":"nm0379696","image":"https://imdb-api.com/images/original/nopicture.jpg","name":"Rocky Hernandez","asCharacter":"Cop"},{"id":"nm0669132","image":"https://imdb-api.com/images/original/nopicture.jpg","name":"Randy Pearlstein","asCharacter":"Security Guard"},{"id":"nm0906894","image":"https://imdb-api.com/images/original/nopicture.jpg","name":"Trevor Walace","asCharacter":"Policeman"},{"id":"nm0120165","image":"https://imdb-api.com/images/original/nopicture.jpg","name":"Keith S. Bullock","asCharacter":"Bodyguard"},{"id":"nm0564315","image":"https://imdb-api.com/images/original/nopicture.jpg","name":"Jeff McBride","asCharacter":"Bodyguard"},{"id":"nm0278908","image":"https://imdb-api.com/images/original/nopicture.jpg","name":"Fred Fischer","asCharacter":"Newspaperman"},{"id":"nm0433214","image":"https://imdb-api.com/images/original/nopicture.jpg","name":"Peter Justinius","asCharacter":"Secret Service"},{"id":"nm0069171","image":"https://imdb-api.com/images/original/nopicture.jpg","name":"Denis Bellocq","asCharacter":"Jogger"},{"id":"nm0216708","image":"https://imdb-api.com/images/original/nopicture.jpg","name":"Thomas Delehanty","asCharacter":"CIA Agent"},{"id":"nm0893281","image":"https://imdb-api.com/images/original/nopicture.jpg","name":"Ed Ventresca","asCharacter":"Fatman Bodyguard"},{"id":"nm0939387","image":"https://imdb-api.com/images/original/nopicture.jpg","name":"Wallace Wong","asCharacter":"Chinatown Boss"},{"id":"nm0938976","image":"https://imdb-api.com/images/original/nopicture.jpg","name":"Cary Wong","asCharacter":"Chinatown Boss' sidekick"},{"id":"nm0738505","image":"https://imdb-api.com/images/original/nopicture.jpg","name":"Amimul Rolly","asCharacter":"Bellhop #1"},{"id":"nm0711151","image":"https://imdb-api.com/images/original/nopicture.jpg","name":"Mohammed Rashid","asCharacter":"Bellhop #2"},{"id":"nm0123951","image":"https://imdb-api.com/images/original/MV5BMzExNjU1MjY1NF5BMl5BanBnXkFtZTcwNTczNDg3Nw@@._V1_Ratio1.5000_AL_.jpg","name":"Adam Busch","asCharacter":"Manolo"},{"id":"nm0865356","image":"https://imdb-api.com/images/original/nopicture.jpg","name":"Mario Todisco","asCharacter":"Tony's Barber"},{"id":"nm0577820","image":"https://imdb-api.com/images/original/nopicture.jpg","name":"James Melissinos","asCharacter":"Girl Chaser"},{"id":"nm0122073","image":"https://imdb-api.com/images/original/MV5BYTczNzhjZTQtNWYxYS00YzMyLTkwN2QtZDBlNTgzMDRkZWJlXkEyXkFqcGdeQXVyMjQwMDg0Ng@@._V1_Ratio0.7273_AL_.jpg","name":"Jernard Burks","asCharacter":"Stansfield man (as Jernard Burkes)"},{"id":"nm0210187","image":"https://imdb-api.com/images/original/nopicture.jpg","name":"Matt De Matt","asCharacter":"Stansfield man"},{"id":"nm0618651","image":"https://imdb-api.com/images/original/MV5BMTk1NDM5ODUxMV5BMl5BanBnXkFtZTgwMTcwMTg5ODE@._V1_Ratio0.7273_AL_.jpg","name":"Samy Naceri","asCharacter":"SWAT 1"},{"id":"nm0310336","image":"https://imdb-api.com/images/original/nopicture.jpg","name":"Christophe Gautier","asCharacter":"SWAT 2"},{"id":"nm0021841","image":"https://imdb-api.com/images/original/nopicture.jpg","name":"Junior Almeida","asCharacter":"SWAT 3"},{"id":"nm0339568","image":"https://imdb-api.com/images/original/nopicture.jpg","name":"David Gregg","asCharacter":"SWAT 4"},{"id":"nm0598969","image":"https://imdb-api.com/images/original/nopicture.jpg","name":"Michel Montanary","asCharacter":"SWAT 5"},{"id":"nm0404071","image":"https://imdb-api.com/images/original/nopicture.jpg","name":"Hervé Husson","asCharacter":"SWAT 6"},{"id":"nm0499519","image":"https://imdb-api.com/images/original/nopicture.jpg","name":"Didier Legros","asCharacter":"SWAT 7"},{"id":"nm0029272","image":"https://imdb-api.com/images/original/MV5BMzIyNmViMjMtOWU3MC00YmI4LWI5OWMtMzI2NDk3NjE5MjJmXkEyXkFqcGdeQXVyMTI3MDk3MzQ@._V1_Ratio2.3636_AL_.jpg","name":"Marc Andréoni","asCharacter":"SWAT 8 (as Marc Andreoni)"},{"id":"nm0458521","image":"https://imdb-api.com/images/original/nopicture.jpg","name":"Gilles Kleber","asCharacter":"SWAT 9"},{"id":"nm0506122","image":"https://imdb-api.com/images/original/nopicture.jpg","name":"Junior John Levis","asCharacter":"SWAT 10"},{"id":"nm0767029","image":"https://imdb-api.com/images/original/nopicture.jpg","name":"Tony Sauraye","asCharacter":"Bodyguard 1"},{"id":"nm0561190","image":"https://imdb-api.com/images/original/nopicture.jpg","name":"Thierry Maurio","asCharacter":"Bodyguard 2"},{"id":"nm0265287","image":"https://imdb-api.com/images/original/nopicture.jpg","name":"James Fahrner","asCharacter":"Bodyguard 3"},{"id":"nm0770943","image":"https://imdb-api.com/images/original/nopicture.jpg","name":"Daniel Schenmetzler","asCharacter":"Bodyguard 4"},{"id":"nm0136563","image":"https://imdb-api.com/images/original/MV5BZGYxMjVhYTQtYWQzZS00Y2RmLWIwMTctMmZiMTgzNWY4YzRhXkEyXkFqcGdeQXVyMjMwMzQ0Ng@@._V1_Ratio0.7273_AL_.jpg","name":"Hélène Cardona","asCharacter":"Student (uncredited)"},{"id":"nm0858462","image":"https://imdb-api.com/images/original/nopicture.jpg","name":"Alyssia Dujmovich","asCharacter":"Student (uncredited)"},{"id":"nm0917620","image":"https://imdb-api.com/images/original/MV5BMzU0MDM1ODE4NF5BMl5BanBnXkFtZTcwMjU2NjI5Ng@@._V1_Ratio1.3182_AL_.jpg","name":"Michael Wehrhahn","asCharacter":"Jimmy, SWAT Team Member (uncredited)"}],"others":[{"job":"Produced by","items":[{"id":"nm0078852","name":"Claude Besson","description":"executive producer"},{"id":"nm2201716","name":"John Garland","description":"line producer: New York"},{"id":"nm0340199","name":"Bernard Grenet","description":"line producer"}]},{"job":"Music by","items":[{"id":"nm0785385","name":"Éric Serra","description":"(as Eric Serra) (music by)"}]},{"job":"Cinematography by","items":[{"id":"nm0005636","name":"Thierry Arbogast","description":"director of photography"}]},{"job":"Film Editing by","items":[{"id":"nm0484981","name":"Sylvie Landra","description":""}]},{"job":"Casting By","items":[{"id":"nm0856945","name":"Todd Thaler","description":"(casting by)"}]},{"job":"Production Design by","items":[{"id":"nm0917942","name":"Dan Weil","description":""}]},{"job":"Art Direction by","items":[{"id":"nm0238239","name":"Gerard Drolon","description":"(as Gérard Drolon)"}]},{"job":"Set Decoration by","items":[{"id":"nm0072326","name":"Françoise Benoît-Fresco","description":"(as Françoise Benoît Fresco)"}]},{"job":"Costume Design by","items":[{"id":"nm0346721","name":"Magali Guidasci","description":""}]},{"job":"Makeup Department","items":[{"id":"nm0078863","name":"Peggy Besson","description":"makeup trainee"},{"id":"nm0629904","name":"Peggy Nicholson","description":"hair stylist: New York"},{"id":"nm0678969","name":"Geneviève Peyralade","description":"makeup artist"},{"id":"nm0930666","name":"Gigi Williams","description":"makeup artist: New York"},{"id":"nm1042012","name":"Emmanuel Zammit","description":"hair stylist"}]},{"job":"Production Management","items":[{"id":"nm0347241","name":"Thierry Guilmard","description":"unit manager"},{"id":"nm0578732","name":"Sylvie Menard","description":"assistant unit manager"},{"id":"nm1226128","name":"Miguel Ángel Poveda","description":"post-production supervisor"},{"id":"nm0740647","name":"Cecilia Kate Roque","description":"production manager: New York"}]},{"job":"Second Unit Director or Assistant Director","items":[{"id":"nm0103447","name":"James Bradney","description":"second assistant director: New York"},{"id":"nm0154312","name":"Pascal Chaumeil","description":"first assistant director"},{"id":"nm0318787","name":"Françoise Gillard","description":"third assistant director: New York"},{"id":"nm0503426","name":"Christophe Leprêtre","description":"trainee assistant director (as Christophe Lepretre)"},{"id":"nm0513530","name":"Camille Lipmann","description":"second assistant director"},{"id":"nm0569390","name":"Eric McGinty","description":"first assistant director: New York"}]},{"job":"Art Department","items":[{"id":"nm1715783","name":"Andre Antona","description":"construction grip (as André Antona)"},{"id":"nm0037584","name":"Valérie Arson","description":"assistant art director"},{"id":"nm0052714","name":"Jean-Michel Bar","description":"trainee leadman"},{"id":"nm1485877","name":"Mathieu Benoît","description":"assistant buyer (as Mathieu Benoit)"},{"id":"nm1865535","name":"Claude Berry","description":"construction grip"},{"id":"nm1125353","name":"Tom Boles","description":"construction coordinator: New York"},{"id":"nm0118399","name":"Nathalie Buck","description":"assistant art director"},{"id":"nm0123566","name":"Diana Burton","description":"assistant property master: New York"},{"id":"nm1864708","name":"Rinco Carlo","description":"scenic"},{"id":"nm0142153","name":"Carolyn Cartwright","description":"set decorator: New York"},{"id":"nm1237378","name":"Jeremy Chapelet","description":"head construction grip (as Jérémie Chapelet)"},{"id":"nm0201742","name":"Alain Darthou","description":"construction coordinator"},{"id":"nm0202271","name":"Marcel Daudin","description":"buyer"},{"id":"nm1039780","name":"Michel Dauphy","description":"art department grip"},{"id":"nm0214048","name":"Guido DeCurtis","description":"leadman: New York (as Guido De Curtis)"},{"id":"nm1237530","name":"Nicolas Denis","description":"head construction grip"},{"id":"nm1715819","name":"Pascal Fasola","description":"scenic"},{"id":"nm1866205","name":"Badou-Jean Faye","description":"construction grip"},{"id":"nm0278481","name":"Rossana Fiore","description":"charge scenic: New York"},{"id":"nm1237714","name":"Jerome Fortier","description":"foreman (as Jérôme Fortier)"},{"id":"nm1177963","name":"Nancy Friedman","description":"buyer: New York"},{"id":"nm0295360","name":"Sally Friedman","description":"stand-by scenic: New York"},{"id":"nm0347047","name":"Richard Guille","description":"leadman"},{"id":"nm0357636","name":"Madjid Hamzaoui","description":"carpenter (as Madjid Hamaoui)"},{"id":"nm1415922","name":"Bruno Jaunay","description":"construction grip"},{"id":"nm0429788","name":"Henri Jorand","description":"ager"},{"id":"nm0440333","name":"Michel Karyo","description":"construction grip"},{"id":"nm0443590","name":"Jacques Kazandian","description":"drapery man"},{"id":"nm1865020","name":"Abdenabi Krouchi","description":"construction grip"},{"id":"nm0489757","name":"Martin Lasowitz","description":"property master: New York"},{"id":"nm0491709","name":"Bertrand Laval","description":"construction grip"},{"id":"nm0494395","name":"Stéphane Le Lièvre","description":"landscape scenic artist (as Stéphane Le Lievre)"},{"id":"nm0501448","name":"Loïc Le Moigne","description":"scenic"},{"id":"nm0498461","name":"Wing Lee","description":"assistant art director: New York"},{"id":"nm0498858","name":"Bruno Lefebvre","description":"carpenter (as Bruno Lefevre)"},{"id":"nm1040674","name":"René Letteron","description":"art department head grip"},{"id":"nm1043555","name":"Christophe Lunay","description":"art department grip"},{"id":"nm0973473","name":"Serge Margiocchi","description":"carpenter"},{"id":"nm1712247","name":"Pascal Masson","description":"art department grip"},{"id":"nm0590763","name":"Patrick Milizia","description":"construction grip"},{"id":"nm1301147","name":"Franck Miniconi","description":"ager (as Frank Miniconi)"},{"id":"nm0622011","name":"Carol Nast","description":"art director: New York"},{"id":"nm0018195","name":"Jennifer Alex Nickason","description":"art department assistant: New York (as Jenny Alex)"},{"id":"nm1041088","name":"Jean-Michel Olivier","description":"dresser"},{"id":"nm1865438","name":"René Paltrier","description":"construction grip"},{"id":"nm2206251","name":"Laurent Perez","description":"shop helper"},{"id":"nm0674818","name":"Cyrille Perron","description":"charge scenic"},{"id":"nm1123086","name":"Frédéric Perron","description":"construction grip"},{"id":"nm1712258","name":"Jean-Marc Picot","description":"construction grip"},{"id":"nm1709801","name":"Jean Raveane","description":"art department grip"},{"id":"nm0765556","name":"Nathalie Sarret","description":"charge ager"},{"id":"nm1862130","name":"Georges Tissot","description":"construction grip"},{"id":"nm0888829","name":"Guy Vanderplaetsen","description":"stand-by propman"},{"id":"nm0891404","name":"Emmanuelle Vayva","description":"art department trainee"},{"id":"nm0895949","name":"Thomas Vichy","description":"carpenter"},{"id":"nm1186557","name":"Stéphane Vinciguerra","description":"scenic"},{"id":"nm0899205","name":"Gérard Violas","description":"craft maker carpenter"},{"id":"nm0036708","name":"Jacqueline Arnot","description":"set dresser (uncredited)"},{"id":"nm0522497","name":"Byron K. Lovelace","description":"props (uncredited)"}]},{"job":"Sound Department","items":[{"id":"nm0011802","name":"Fabien Adelin","description":"adr engineer"},{"id":"nm1044300","name":"Salim Amrani","description":"sound recordist"},{"id":"nm0055182","name":"Michel Barlier","description":"adr engineer / foley engineer"},{"id":"nm0076625","name":"George Berndt","description":"adr supervisor"},{"id":"nm0005597","name":"Thom Brennan","description":"assistant sound effects (as Thomas Brennan)"},{"id":"nm0117657","name":"Fanchon Brulé","description":"dialogue editor (as Fanchon Brule)"},{"id":"nm0126857","name":"Hervé Bénard","description":"foley recordist (as Hervé Benard)"},{"id":"nm0176001","name":"Catherine Constant","description":"assistant sound editor"},{"id":"nm1864194","name":"Serge Devesvre","description":"sound engineer"},{"id":"nm0260392","name":"Pierre Excoffier","description":"sound engineer"},{"id":"nm2261539","name":"Christian Gaudin","description":"sound recordist"},{"id":"nm1044327","name":"Patricia Girard","description":"sound recordist"},{"id":"nm0341017","name":"Xavier Griette","description":"boom operator"},{"id":"nm0342607","name":"Patrice Grisolet","description":"sound editor"},{"id":"nm0343911","name":"François Groult","description":"re-recording mixer"},{"id":"nm0372794","name":"Katrina Heaulme","description":"dialogue editor"},{"id":"nm0483961","name":"Gérard Lamps","description":"re-recording mixer"},{"id":"nm0494165","name":"Anne Le Campion","description":"adr engineer"},{"id":"nm0502974","name":"George Leong","description":"boom operator: New York"},{"id":"nm0521172","name":"Marion Lorthioir","description":"adr supervisor"},{"id":"nm0529714","name":"Alain Lévy","description":"adr assistant (as Alain Levy)"},{"id":"nm0529722","name":"Jacques Lévy","description":"adr supervisor (as Jacques Levy)"},{"id":"nm0506493","name":"Jérôme Lévy","description":"foley artist"},{"id":"nm0551491","name":"Jean-Charles Martel","description":"sound recordist"},{"id":"nm0552420","name":"Isabelle Martin","description":"assistant sound engineer"},{"id":"nm0560913","name":"Françoise Maulny","description":"adr supervisor (as Françoise Maulny Levy)"},{"id":"nm0563314","name":"Pascal Mazière","description":"assistant foley artist (as Pascal Maziere)"},{"id":"nm0606660","name":"John Morris","description":"sound effects"},{"id":"nm0850677","name":"Bruno Tarrière","description":"re-recording mixer"}]},{"job":"Special Effects by","items":[{"id":"nm0020158","name":"Nick Allder","description":"special effects supervisor (as Nicky Allder)"},{"id":"nm0179273","name":"Neil Corbould","description":"assistant special effects"},{"id":"nm0342650","name":"Al Griswold","description":"special effects"}]},{"job":"Visual Effects by","items":[{"id":"nm0680643","name":"Michael E. Phillips","description":"digital editing consultant"},{"id":"nm0480722","name":"John Lafauce","description":"digital artist (uncredited)"}]},{"job":"Stunts","items":[{"id":"nm0118805","name":"Peter Bucossi","description":"stunt coordinator (as Pete Bucossi)"},{"id":"nm0235328","name":"Norman Douglass","description":"stunts"},{"id":"nm0267269","name":"Roy Farfel","description":"stunts"},{"id":"nm0273975","name":"Frank Ferrara","description":"stunts"},{"id":"nm0382025","name":"Don Hewitt","description":"stunts"},{"id":"nm0524371","name":"Gino Lucci","description":"stunts"},{"id":"nm0681389","name":"Don Picard","description":"stunts"},{"id":"nm0751698","name":"Michael Russo","description":"stunts"},{"id":"nm0803371","name":"Manny Siverio","description":"stunts (as Manny Sivero)"},{"id":"nm0007054","name":"Gregg Smrz","description":"stunts (as Greg Smrz)"},{"id":"nm0146456","name":"Patrick Cauderlier","description":"stunt coordinator: France (uncredited)"},{"id":"nm0665101","name":"Garry Pastore","description":"stunt driver (uncredited)"}]},{"job":"Camera and Electrical Department","items":[{"id":"nm0062373","name":"Robby Baumgartner","description":"best boy electric: New York (as Rob Baumgartner)"},{"id":"nm0094561","name":"James Boniece","description":"second grip: New York (as Jim Boniece)"},{"id":"nm0100493","name":"Sarah Bouyain","description":"second assistant camera"},{"id":"nm0131356","name":"Patrick Camboulive","description":"still photographer"},{"id":"nm0138947","name":"Bernard Caroff","description":"generator man"},{"id":"nm1868696","name":"Peter S. Cassella","description":"grip truck: New York"},{"id":"nm2203439","name":"James Clark","description":"camera truck: New York"},{"id":"nm0166648","name":"John Clifford","description":"unit still photographer: New York"},{"id":"nm0233700","name":"Mario d'Orio","description":"grip"},{"id":"nm0202937","name":"Jean-Michel David","description":"steadicam operator (as Jean Michel David)"},{"id":"nm0216353","name":"Vincent Delaney","description":"third electrician: New York"},{"id":"nm1039832","name":"Laurent Delpech","description":"second assistant camera"},{"id":"nm0230790","name":"James A. Dolan","description":"fourth electrician: New York (as Peaches Dolan)"},{"id":"nm0249155","name":"Luke Eder","description":"camera loader: New York"},{"id":"nm0271105","name":"Robert K. Feldmann","description":"key grip: New York (as Robert Feldman)"},{"id":"nm0282595","name":"Gilles Floquet","description":"grip"},{"id":"nm0307869","name":"Pierre Garnier","description":"grip"},{"id":"nm0309044","name":"Patrick Gasché","description":"gaffer (as Patrick Gasche)"},{"id":"nm0312077","name":"Luke Geissbuhler","description":"camera operator"},{"id":"nm0525922","name":"Jonathan Lumley","description":"gaffer: New York"},{"id":"nm0550254","name":"Rick Marroquin","description":"co-grip: New York"},{"id":"nm0556004","name":"Jean-Pierre Mas","description":"key grip (as Jean Pierre Mas)"},{"id":"nm0593619","name":"Monique Mitchell","description":"co-grip: New York"},{"id":"nm0639766","name":"Patrick B. O'Brien","description":"second assistant camera: New York"},{"id":"nm0689790","name":"Robert Polonia","description":"generator man"},{"id":"nm0698149","name":"Bruno Privat","description":"steadicam operator"},{"id":"nm0710714","name":"Rick Raphael","description":"steadicam operator: New York (as Frederick Raphael)"},{"id":"nm0720737","name":"Jean-Claude Reux","description":"head gaffer"},{"id":"nm0755772","name":"Janet Saetta","description":"electrician: New York"},{"id":"nm0786710","name":"Gilbert Seybald","description":"gaffer"},{"id":"nm0786712","name":"Yannick Seybald","description":"gaffer"},{"id":"nm0797799","name":"Chris Silano","description":"assistant camera: Steadicam"},{"id":"nm0804971","name":"Chris Skutch","description":"co-grip: New York (as Christopher Skutch)"},{"id":"nm0864395","name":"Bernard Tissier","description":"first assistant camera"},{"id":"nm0372390","name":"Timothy Healy","description":"electrician (uncredited)"}]},{"job":"Casting Department","items":[{"id":"nm0006628","name":"Nathalie Cheron","description":"casting: Paris"},{"id":"nm0280714","name":"Judie Fixler","description":"extras casting: New York"},{"id":"nm0476294","name":"Jill Kushner","description":"extras casting assistant: New York"}]},{"job":"Costume and Wardrobe Department","items":[{"id":"nm0322705","name":"Laurence Glentzin","description":"wardrobe mistress"},{"id":"nm1040835","name":"Lorraine Mathieu","description":"assistant costume designer: New York"},{"id":"nm0963052","name":"Charlie Murphy","description":"wardrobe truck: New York (as Charles Murphy)"},{"id":"nm0666088","name":"Marcia Patten","description":"wardrobe supervisor: New York"},{"id":"nm0795726","name":"Heidi Shulman","description":"wardrobe supervisor: New York"}]},{"job":"Editorial Department","items":[{"id":"nm2260783","name":"Zoé Arthuis","description":"editor trainee"},{"id":"nm0042699","name":"Hélène Auzet","description":"negative cutter"},{"id":"nm1863101","name":"Mathieu Brossard","description":"editor trainee"},{"id":"nm0381198","name":"Yann Hervé","description":"editor trainee (as Yann Herve)"},{"id":"nm0545738","name":"Annie Marciniak","description":"assistant film editor"},{"id":"nm0663890","name":"Paul Parsons","description":"assistant film editor"},{"id":"nm0665610","name":"Bruno Patin","description":"color grader"},{"id":"nm0714538","name":"Frédérique Recoque","description":"assistant film editor"},{"id":"nm0858372","name":"Lillie Thom","description":"assistant film editor (as Lillie Nicole Kühar Thom)"},{"id":"nm0862431","name":"Santiago Thévenet","description":"assistant film editor (as Santiago Thevenet)"}]},{"job":"Location Management","items":[{"id":"nm0063552","name":"Helen Beadleston","description":"location assistant: New York"},{"id":"nm0181940","name":"Daniel Coss","description":"location manager: New York"},{"id":"nm0189089","name":"Isabelle Kostic Crosley","description":"location scout: New York (as Isabelle Kostic-Crosby)"}]},{"job":"Music Department","items":[{"id":"nm0010262","name":"Niall Acott","description":"music: Assistant sound engineer"},{"id":"nm0022903","name":"John Altman","description":"conductor"},{"id":"nm0026943","name":"John Anderson","description":"musician: english horn / musician: oboe"},{"id":"nm1177994","name":"Julie Andrews","description":"musician: bassoon"},{"id":"nm1020385","name":"Bill Benham","description":"musician: viola"},{"id":"nm2331578","name":"Sue Bohling","description":"musician: english horn"},{"id":"nm11971262","name":"Katie Clemmow","description":"musician: english horn"},{"id":"nm2763582","name":"Philip Eastop","description":"musician: french horn"},{"id":"nm10367015","name":"Dai Emanuel","description":"musician: viola"},{"id":"nm1304799","name":"Sally Ann Ewins","description":"musician: flute"},{"id":"nm0277582","name":"Andrew Findon","description":"musician: flute"},{"id":"nm0280833","name":"William Flageollet","description":"music mixer"},{"id":"nm0370053","name":"William Hawkes","description":"musician: viola"},{"id":"nm2260455","name":"Pierre Henriot","description":"music coordinator"},{"id":"nm1274283","name":"Mike Hext","description":"musician: trombone"},{"id":"nm2857144","name":"Fiona Hibbert","description":"musician: harp"},{"id":"nm3093403","name":"Garfield Jackson","description":"musician: viola"},{"id":"nm0515984","name":"Frank Lloyd","description":"musician: french horn"},{"id":"nm6976565","name":"John Marson","description":"musician: harp"},{"id":"nm12099658","name":"Andrew McGee","description":"musician: viola"},{"id":"nm1179955","name":"Don McVay","description":"musician: viola"},{"id":"nm6193738","name":"Dominic Morgan","description":"musician: contrabassoon"},{"id":"nm0614518","name":"Maurice Murphy","description":"musician: trumpet"},{"id":"nm7358284","name":"Thelma Owen","description":"musician: harp"},{"id":"nm8344496","name":"Andy Parker","description":"musician: viola"},{"id":"nm1018719","name":"John Pigneguy","description":"musician: french horn"},{"id":"nm0698058","name":"Paul Pritchard","description":"musician: french horn"},{"id":"nm0785373","name":"Claude Serra","description":"executive music producer"},{"id":"nm0785385","name":"Éric Serra","description":"music arranger (as Eric Serra) / musician (as Eric Serra)"},{"id":"nm5364601","name":"Robert Smissen","description":"musician: viola"},{"id":"nm4035138","name":"Edward Vanderspar","description":"musician: viola"},{"id":"nm1178055","name":"Elizabeth Watson","description":"musician: viola"},{"id":"nm0077444","name":"Mark Berrow","description":"musician: violin (uncredited)"},{"id":"nm2470225","name":"Peter Davies","description":"musician (uncredited)"},{"id":"nm1179905","name":"Mike De Saulles","description":"violinist (uncredited)"},{"id":"nm1864194","name":"Serge Devesvre","description":"music engineer (uncredited)"},{"id":"nm0552420","name":"Isabelle Martin","description":"music engineer (uncredited)"}]},{"job":"Script and Continuity Department","items":[{"id":"nm0061717","name":"Sylvette Baudrot","description":"script supervisor"},{"id":"nm1040946","name":"Elsa Monsigny","description":"assistant script"}]},{"job":"Transportation Department","items":[{"id":"nm0064183","name":"Thomas H. Beattie","description":"driver: hair/makeup combo, New York (as Thomas Beattie)"},{"id":"nm0172404","name":"John Collins","description":"driver: set dressing truck, New York"},{"id":"nm0175268","name":"Brendan P. Connolly","description":"driver: special effects truck, New York (as Brendan Connolly)"},{"id":"nm0175324","name":"Michael Connolly","description":"driver: property truck / transportation co-captain: New York"},{"id":"nm0232312","name":"Bob Donavan","description":"honeywagon driver: New York (as Robert Donovan)"},{"id":"nm0487109","name":"Robert Lansing","description":"electric truck driver: New York"}]},{"job":"Additional Crew","items":[{"id":"nm0073989","name":"Brad Bergbom","description":"production assistant: New York"},{"id":"nm1039490","name":"Cinnamon-Anne Booth","description":"office production assistant: New York"},{"id":"nm0098312","name":"Joan G. Bostwick","description":"production assistant: New York"},{"id":"nm0137377","name":"Nathalie Carles","description":"production coordinator"},{"id":"nm0167715","name":"Nicole Cobac","description":"production accountant"},{"id":"nm1862968","name":"Elizabeth de Tigny","description":"set intern"},{"id":"nm1043906","name":"David Fulkerson","description":"production assistant: New York"},{"id":"nm0308592","name":"Frédéric Garson","description":"p.a."},{"id":"nm1716366","name":"Jérôme Giroux","description":"locksmith"},{"id":"nm1710450","name":"Xavier Grenet","description":"caterer"},{"id":"nm0346054","name":"Louis Guerra","description":"production assistant: New York (as Louis J. Guerra)"},{"id":"nm0372975","name":"Shell Hecht","description":"production coordinator: New York"},{"id":"nm0381198","name":"Yann Hervé","description":"p.a. (as Yann Herve)"},{"id":"nm0437196","name":"Lonnie Kandel","description":"production secretary: New York"},{"id":"nm1868684","name":"Mathias Sami Kanse","description":"office maintenance"},{"id":"nm2208681","name":"Peter Katz","description":"intern: New York"},{"id":"nm1045751","name":"Seth Kaye","description":"parking coordinator"},{"id":"nm0444393","name":"Kevin Keefe","description":"teamster captain: New York (as Kevin K. Keefe)"},{"id":"nm0495917","name":"Franck Lebreton","description":"p.a. (as Frank Lebreton)"},{"id":"nm0537863","name":"Gabrielle Mairesse","description":"press-agent"},{"id":"nm0544938","name":"Christophe Maratier","description":"armorer"},{"id":"nm0575177","name":"Maggie Means","description":"assistant accountant: New York"},{"id":"nm1712969","name":"Christian Michard","description":"caterer"},{"id":"nm1868340","name":"John Moresco","description":"crew van: New York"},{"id":"nm1712994","name":"Maud Muller","description":"caterer"},{"id":"nm0667495","name":"Monique Pautas","description":"production accountant"},{"id":"nm0692573","name":"Joanne Porzio","description":"assistant production coordinator: New York"},{"id":"nm0703837","name":"Erin Quinn","description":"production accountant: New York"},{"id":"nm0999815","name":"John Rivas","description":"craft service"},{"id":"nm0974784","name":"Roger Saillard","description":"locksmith"},{"id":"nm0129380","name":"Louis Saint Calbre","description":"assistant: B. Grenet"},{"id":"nm2209034","name":"Alan Simon","description":"tutor: New York (as Allen Simon)"},{"id":"nm1041597","name":"Morgan Spurlock","description":"production assistant: New York"},{"id":"nm1273331","name":"Olivier Vignon","description":"operator: Hot Head"},{"id":"nm0901746","name":"Ralph Volpe","description":"starcamper: New York"},{"id":"nm1243528","name":"Cameron Watson","description":"coach"}]},{"job":"Thanks","items":[{"id":"nm2207824","name":"Philippe Adrover","description":"many thanks"},{"id":"nm2209326","name":"Ivona Belda","description":"many thanks"},{"id":"nm0076566","name":"Martine Bernath","description":"many thanks"},{"id":"nm0102445","name":"Anthony Bozanich","description":"many thanks (as Tony Bozanich)"},{"id":"nm2201225","name":"Jimmy Honoré","description":"many thanks"},{"id":"nm0431215","name":"Pierre Jouvet","description":"many thanks"},{"id":"nm0504456","name":"Heidi Lester","description":"special thanks"},{"id":"nm1471304","name":"Peter Nichols","description":"special thanks"},{"id":"nm0634026","name":"Teruhiko Noguchi","description":"special thanks"},{"id":"nm1713342","name":"Marc Pernelet","description":"many thanks"},{"id":"nm1602234","name":"Joe Rosenberg","description":"special thanks"}]}],"errorMessage":""},"genres":"Action, Crime, Drama, Thriller","genreList":[{"key":"Action","value":"Action"},{"key":"Crime","value":"Crime"},{"key":"Drama","value":"Drama"},{"key":"Thriller","value":"Thriller"}],"companies":"Gaumont, Les Films du Dauphin, Columbia Pictures","companyList":[{"id":"co0172053","name":"Gaumont"},{"id":"co0008826","name":"Les Films du Dauphin"},{"id":"co0050868","name":"Columbia Pictures"}],"countries":"France, USA","countryList":[{"key":"France","value":"France"},{"key":"USA","value":"USA"}],"languages":"English, Italian, French","languageList":[{"key":"English","value":"English"},{"key":"Italian","value":"Italian"},{"key":"French","value":"French"}],"contentRating":"R","imDbRating":"8.5","imDbRatingVotes":"1050598","metacriticRating":"64","ratings":{"imDbId":"tt0110413","title":"Léon: The Professional","fullTitle":"Léon: The Professional (1994)","type":"Movie","year":"1994","imDb":"8.5","metacritic":"64","theMovieDb":"8.3","rottenTomatoes":"","tV_com":"9.3","filmAffinity":"7.6","errorMessage":""},"wikipedia":null,"posters":{"imDbId":"tt0110413","title":"Léon: The Professional","fullTitle":"Léon: The Professional (1994)","type":"Movie","year":"1994","posters":[{"id":"wHqGb8J6tXBVwjqWooGMtNEjs2A.jpg","link":"https://imdb-api.com/posters/original/wHqGb8J6tXBVwjqWooGMtNEjs2A.jpg","aspectRatio":0.6666666666666666,"language":"en","width":1000,"height":1500},{"id":"oiIJ3OAjQ3scifNO8s2x72WgXLR.jpg","link":"https://imdb-api.com/posters/original/oiIJ3OAjQ3scifNO8s2x72WgXLR.jpg","aspectRatio":0.6666666666666666,"language":"en","width":1000,"height":1500},{"id":"hUJvnlCepB4xcp17E7Kc6unXgiS.jpg","link":"https://imdb-api.com/posters/original/hUJvnlCepB4xcp17E7Kc6unXgiS.jpg","aspectRatio":0.66640625,"language":"en","width":853,"height":1280},{"id":"jtNOfwZu3zea5grnqpq4nyqXoID.jpg","link":"https://imdb-api.com/posters/original/jtNOfwZu3zea5grnqpq4nyqXoID.jpg","aspectRatio":0.6666666666666666,"language":"en","width":1400,"height":2100},{"id":"91bUbxcOvTinqrPLrnGHlWYVy9J.jpg","link":"https://imdb-api.com/posters/original/91bUbxcOvTinqrPLrnGHlWYVy9J.jpg","aspectRatio":0.6666666666666666,"language":"en","width":1280,"height":1920},{"id":"cyHp3EBNRA7Da8rJ9Te19eiGNJh.jpg","link":"https://imdb-api.com/posters/original/cyHp3EBNRA7Da8rJ9Te19eiGNJh.jpg","aspectRatio":0.6666666666666666,"language":"en","width":2000,"height":3000},{"id":"2Bl47J2fM4gNcVe1T1ljjZDSbms.jpg","link":"https://imdb-api.com/posters/original/2Bl47J2fM4gNcVe1T1ljjZDSbms.jpg","aspectRatio":0.6666666666666666,"language":"en","width":1400,"height":2100},{"id":"hxZKx5v4A2QiQ8sfLaph73baYpJ.jpg","link":"https://imdb-api.com/posters/original/hxZKx5v4A2QiQ8sfLaph73baYpJ.jpg","aspectRatio":0.6666666666666666,"language":"en","width":1400,"height":2100},{"id":"tIBwuDbNBIwfm5wfZwRpRg0Hh77.jpg","link":"https://imdb-api.com/posters/original/tIBwuDbNBIwfm5wfZwRpRg0Hh77.jpg","aspectRatio":0.6591957811470006,"language":"en","width":1000,"height":1517},{"id":"zTDqj7JnaS2gw0ZGrSGasHyz4um.jpg","link":"https://imdb-api.com/posters/original/zTDqj7JnaS2gw0ZGrSGasHyz4um.jpg","aspectRatio":0.6666666666666666,"language":"en","width":500,"height":750},{"id":"aMhouSbWluYV4Q6biLvqtRFqkmN.jpg","link":"https://imdb-api.com/posters/original/aMhouSbWluYV4Q6biLvqtRFqkmN.jpg","aspectRatio":0.6666666666666666,"language":"en","width":2000,"height":3000},{"id":"8bZ8VxDz13xJYo9PKjipNLFYSag.jpg","link":"https://imdb-api.com/posters/original/8bZ8VxDz13xJYo9PKjipNLFYSag.jpg","aspectRatio":0.6666666666666666,"language":"en","width":2000,"height":3000},{"id":"5zhcvO8lKWZHjSW8LEyKXYn8N2o.jpg","link":"https://imdb-api.com/posters/original/5zhcvO8lKWZHjSW8LEyKXYn8N2o.jpg","aspectRatio":0.6666666666666666,"language":"en","width":1000,"height":1500},{"id":"qqHn4nTXkI19rtKrc1p2Mdry6Pc.jpg","link":"https://imdb-api.com/posters/original/qqHn4nTXkI19rtKrc1p2Mdry6Pc.jpg","aspectRatio":0.6666666666666666,"language":"en","width":1000,"height":1500},{"id":"n1OggwzBeuMs0fvXTYhhDbuBo69.jpg","link":"https://imdb-api.com/posters/original/n1OggwzBeuMs0fvXTYhhDbuBo69.jpg","aspectRatio":0.6666666666666666,"language":"en","width":1000,"height":1500},{"id":"3b18NsuX9NaBEvYmVW3Ewcvz11M.jpg","link":"https://imdb-api.com/posters/original/3b18NsuX9NaBEvYmVW3Ewcvz11M.jpg","aspectRatio":0.6666666666666666,"language":"en","width":1000,"height":1500},{"id":"z2ZyHdXw6W5GUQX68Af3bqSPNWt.jpg","link":"https://imdb-api.com/posters/original/z2ZyHdXw6W5GUQX68Af3bqSPNWt.jpg","aspectRatio":0.6714285714285714,"language":"en","width":658,"height":980},{"id":"ciQd4xbpS3fentPKHJmohZL9ZJJ.jpg","link":"https://imdb-api.com/posters/original/ciQd4xbpS3fentPKHJmohZL9ZJJ.jpg","aspectRatio":0.6666666666666666,"language":"en","width":1000,"height":1500},{"id":"3f0H7IrCffmjHbOx5fM2Cdji7mj.jpg","link":"https://imdb-api.com/posters/original/3f0H7IrCffmjHbOx5fM2Cdji7mj.jpg","aspectRatio":0.6666666666666666,"language":"en","width":1000,"height":1500},{"id":"sWmYLVSDZGJdm6Omyy2U1ViH8OI.jpg","link":"https://imdb-api.com/posters/original/sWmYLVSDZGJdm6Omyy2U1ViH8OI.jpg","aspectRatio":0.6666666666666666,"language":"en","width":1400,"height":2100},{"id":"mJcmnJBnr1QhDBnXTr8auYSsSVX.jpg","link":"https://imdb-api.com/posters/original/mJcmnJBnr1QhDBnXTr8auYSsSVX.jpg","aspectRatio":0.6781456953642384,"language":"en","width":512,"height":755},{"id":"isY3qD3snwy1u3TiqhYs0oJrtt2.jpg","link":"https://imdb-api.com/posters/original/isY3qD3snwy1u3TiqhYs0oJrtt2.jpg","aspectRatio":0.6808510638297872,"language":"en","width":800,"height":1175},{"id":"kOzpmWF3CtXwQUapEJDuzLouAPk.jpg","link":"https://imdb-api.com/posters/original/kOzpmWF3CtXwQUapEJDuzLouAPk.jpg","aspectRatio":0.6752037252619325,"language":"en","width":580,"height":859},{"id":"wzO9iGo2wm8ylVc8wxHSnrGKhKM.jpg","link":"https://imdb-api.com/posters/original/wzO9iGo2wm8ylVc8wxHSnrGKhKM.jpg","aspectRatio":0.6630859375,"language":"en","width":679,"height":1024},{"id":"oks7p1kcj4YYopH3PkFsslOtNNO.jpg","link":"https://imdb-api.com/posters/original/oks7p1kcj4YYopH3PkFsslOtNNO.jpg","aspectRatio":0.6666666666666666,"language":"en","width":2000,"height":3000},{"id":"nPZkurfCr246vY8a5K2AETJ3mXD.jpg","link":"https://imdb-api.com/posters/original/nPZkurfCr246vY8a5K2AETJ3mXD.jpg","aspectRatio":0.671523178807947,"language":"en","width":507,"height":755},{"id":"epz7G1ApcpcTGkVSAh2gNJwZqCO.jpg","link":"https://imdb-api.com/posters/original/epz7G1ApcpcTGkVSAh2gNJwZqCO.jpg","aspectRatio":0.6712962962962963,"language":"en","width":580,"height":864},{"id":"cdjaZKdUPaTdUflAA0AJL1qqrBZ.jpg","link":"https://imdb-api.com/posters/original/cdjaZKdUPaTdUflAA0AJL1qqrBZ.jpg","aspectRatio":0.664,"language":"en","width":1660,"height":2500},{"id":"7WIi8WCUKg3gMBrW0EeYFneNOBF.jpg","link":"https://imdb-api.com/posters/original/7WIi8WCUKg3gMBrW0EeYFneNOBF.jpg","aspectRatio":0.6711409395973155,"language":"en","width":1000,"height":1490},{"id":"gsaAbPcMgBolSmvbNw0Ybaz2Zkt.jpg","link":"https://imdb-api.com/posters/original/gsaAbPcMgBolSmvbNw0Ybaz2Zkt.jpg","aspectRatio":0.6666666666666666,"language":"en","width":500,"height":750},{"id":"ioHijoDP7MVq1r6tJrQ9PRvlNOY.jpg","link":"https://imdb-api.com/posters/original/ioHijoDP7MVq1r6tJrQ9PRvlNOY.jpg","aspectRatio":0.75,"language":"en","width":1920,"height":2560}],"backdrops":[{"id":"jRJrQ72VLyEnVsvwfep8Xjlvu8c.jpg","link":"https://imdb-api.com/posters/original/jRJrQ72VLyEnVsvwfep8Xjlvu8c.jpg","aspectRatio":1.7777777777777777,"language":"en","width":1920,"height":1080},{"id":"oPcxdm2rNv5xg2sZlzjwKtAiPXl.jpg","link":"https://imdb-api.com/posters/original/oPcxdm2rNv5xg2sZlzjwKtAiPXl.jpg","aspectRatio":1.7778894472361808,"language":"en","width":1769,"height":995},{"id":"yyEo8ofHS7MQLxgA6g2q1dIBKWM.jpg","link":"https://imdb-api.com/posters/original/yyEo8ofHS7MQLxgA6g2q1dIBKWM.jpg","aspectRatio":1.7777777777777777,"language":"en","width":1920,"height":1080},{"id":"5GKCGSzAI4WlJmSPvxM9qR2lMnO.jpg","link":"https://imdb-api.com/posters/original/5GKCGSzAI4WlJmSPvxM9qR2lMnO.jpg","aspectRatio":1.7777777777777777,"language":"en","width":1280,"height":720},{"id":"zFk9zmygtzBju8GP06WpgTzgfNQ.jpg","link":"https://imdb-api.com/posters/original/zFk9zmygtzBju8GP06WpgTzgfNQ.jpg","aspectRatio":1.7777777777777777,"language":"en","width":1920,"height":1080},{"id":"tF4ARbICMV9lw3zfdbcgH1VN3Qq.jpg","link":"https://imdb-api.com/posters/original/tF4ARbICMV9lw3zfdbcgH1VN3Qq.jpg","aspectRatio":1.7777777777777777,"language":"en","width":1920,"height":1080},{"id":"xRdrYhj0xpahnogLMnSfh4JS2eF.jpg","link":"https://imdb-api.com/posters/original/xRdrYhj0xpahnogLMnSfh4JS2eF.jpg","aspectRatio":1.7777777777777777,"language":"en","width":1920,"height":1080},{"id":"sTRvbWKAwoDRHrf6h5WurDUqdFL.jpg","link":"https://imdb-api.com/posters/original/sTRvbWKAwoDRHrf6h5WurDUqdFL.jpg","aspectRatio":1.7777777777777777,"language":"en","width":3840,"height":2160},{"id":"xOrhVWRkNwMeQXsuijOSMg4yqQv.jpg","link":"https://imdb-api.com/posters/original/xOrhVWRkNwMeQXsuijOSMg4yqQv.jpg","aspectRatio":1.7777777777777777,"language":"en","width":1920,"height":1080},{"id":"zt2vJySzeLASvjpBAh6FFPgsQnF.jpg","link":"https://imdb-api.com/posters/original/zt2vJySzeLASvjpBAh6FFPgsQnF.jpg","aspectRatio":1.7777777777777777,"language":"en","width":1920,"height":1080},{"id":"wey0IbmVhAruc6zUH7i7deRKwyi.jpg","link":"https://imdb-api.com/posters/original/wey0IbmVhAruc6zUH7i7deRKwyi.jpg","aspectRatio":1.7777777777777777,"language":"en","width":1600,"height":900},{"id":"tTKfjm8LLGvjx9WLqiWlbmfwgoe.jpg","link":"https://imdb-api.com/posters/original/tTKfjm8LLGvjx9WLqiWlbmfwgoe.jpg","aspectRatio":1.7777777777777777,"language":"en","width":1920,"height":1080},{"id":"ipfeE7V0pePCTDOuhpij3oCc6wb.jpg","link":"https://imdb-api.com/posters/original/ipfeE7V0pePCTDOuhpij3oCc6wb.jpg","aspectRatio":1.7777777777777777,"language":"en","width":1920,"height":1080},{"id":"yjKHDk0pAajISYNifTbDYWrrUNK.jpg","link":"https://imdb-api.com/posters/original/yjKHDk0pAajISYNifTbDYWrrUNK.jpg","aspectRatio":1.7777777777777777,"language":"en","width":1920,"height":1080},{"id":"tNumZZtn6ffJvt0xllcIYlFfYaI.jpg","link":"https://imdb-api.com/posters/original/tNumZZtn6ffJvt0xllcIYlFfYaI.jpg","aspectRatio":1.7777777777777777,"language":"en","width":1920,"height":1080},{"id":"59lwwCGln3SWYy1tlT7tJComTYE.jpg","link":"https://imdb-api.com/posters/original/59lwwCGln3SWYy1tlT7tJComTYE.jpg","aspectRatio":1.7777777777777777,"language":"en","width":1920,"height":1080},{"id":"wOvphtkW689TyKnVsTnqIGMVBWG.jpg","link":"https://imdb-api.com/posters/original/wOvphtkW689TyKnVsTnqIGMVBWG.jpg","aspectRatio":1.7777777777777777,"language":"en","width":1920,"height":1080},{"id":"6Pkbg5PEByaZ0n1A5VxUQbIb6p6.jpg","link":"https://imdb-api.com/posters/original/6Pkbg5PEByaZ0n1A5VxUQbIb6p6.jpg","aspectRatio":1.7777777777777777,"language":"en","width":1920,"height":1080},{"id":"vNbZkL8JlEWHfeFzbej0h9qHrSf.jpg","link":"https://imdb-api.com/posters/original/vNbZkL8JlEWHfeFzbej0h9qHrSf.jpg","aspectRatio":1.7780938833570412,"language":"en","width":2500,"height":1406}],"errorMessage":""},"images":{"imDbId":"tt0110413","title":"Léon: The Professional","fullTitle":"Léon: The Professional (1994)","type":"Movie","year":"1994","items":[{"title":"Gary Oldman in Léon: The Professional (1994)","image":"https://imdb-api.com/images/original/MV5BMjU2MzA5MjQ0MV5BMl5BanBnXkFtZTgwMzczMTY3MTI@._V1_Ratio1.5000_AL_.jpg"},{"title":"Gary Oldman and Danny Aiello in Léon: The Professional (1994)","image":"https://imdb-api.com/images/original/MV5BMjQ1NDU1NDMxM15BMl5BanBnXkFtZTgwMDEyMTY3MTI@._V1_Ratio1.2400_AL_.jpg"},{"title":"Natalie Portman and Jean Reno in Léon: The Professional (1994)","image":"https://imdb-api.com/images/original/MV5BMTc4MjMyNDUwNF5BMl5BanBnXkFtZTgwMjc5MTQzMTI@._V1_Ratio1.5000_AL_.jpg"},{"title":"Natalie Portman and Jean Reno in Léon: The Professional (1994)","image":"https://imdb-api.com/images/original/MV5BMTY3NDgwMDUzN15BMl5BanBnXkFtZTgwNDc5MTQzMTI@._V1_Ratio1.5000_AL_.jpg"},{"title":"Natalie Portman and Jean Reno in Léon: The Professional (1994)","image":"https://imdb-api.com/images/original/MV5BMjIxODc2MTE2OV5BMl5BanBnXkFtZTgwNTc5MTQzMTI@._V1_Ratio1.2400_AL_.jpg"},{"title":"Natalie Portman and Jean Reno in Léon: The Professional (1994)","image":"https://imdb-api.com/images/original/MV5BMTgxMTY5MDM3MF5BMl5BanBnXkFtZTgwNjc5MTQzMTI@._V1_Ratio1.5000_AL_.jpg"},{"title":"Natalie Portman and Jean Reno in Léon: The Professional (1994)","image":"https://imdb-api.com/images/original/MV5BOTI1Mzg2Nzk1OV5BMl5BanBnXkFtZTgwNzc5MTQzMTI@._V1_Ratio1.5000_AL_.jpg"},{"title":"Natalie Portman in Léon: The Professional (1994)","image":"https://imdb-api.com/images/original/MV5BMjA0NDEyMDE3OV5BMl5BanBnXkFtZTgwODc5MTQzMTI@._V1_Ratio1.5000_AL_.jpg"},{"title":"Natalie Portman and Jean Reno in Léon: The Professional (1994)","image":"https://imdb-api.com/images/original/MV5BMTcwOTAxODc5OV5BMl5BanBnXkFtZTgwOTc5MTQzMTI@._V1_Ratio1.2400_AL_.jpg"},{"title":"Jean Reno in Léon: The Professional (1994)","image":"https://imdb-api.com/images/original/MV5BMTMwMDY0MTYyMF5BMl5BanBnXkFtZTcwMzI2NDkxNA@@._V1_Ratio1.0000_AL_.jpg"},{"title":"Gary Oldman in Léon: The Professional (1994)","image":"https://imdb-api.com/images/original/MV5BMjAyNjMzODY0MV5BMl5BanBnXkFtZTcwNDI2NDkxNA@@._V1_Ratio1.0000_AL_.jpg"},{"title":"Natalie Portman in Léon: The Professional (1994)","image":"https://imdb-api.com/images/original/MV5BMjIxMDAxNTE2N15BMl5BanBnXkFtZTcwNTI2NDkxNA@@._V1_Ratio1.0000_AL_.jpg"},{"title":"Natalie Portman and Jean Reno in Léon: The Professional (1994)","image":"https://imdb-api.com/images/original/MV5BMTM1MDcxNDI0NV5BMl5BanBnXkFtZTcwNjI2NDkxNA@@._V1_Ratio1.4600_AL_.jpg"},{"title":"Luc Besson in Léon: The Professional (1994)","image":"https://imdb-api.com/images/original/MV5BNzg1Mzg2NDI3N15BMl5BanBnXkFtZTcwMDIxNDAxMw@@._V1_Ratio1.5000_AL_.jpg"},{"title":"Casey Biggs at an event for Star Trek: The Next Generation (1987)","image":"https://imdb-api.com/images/original/MV5BMmUzZmI5MTQtOTE0OC00N2NhLTkzMTYtM2IzZWI1MzRkZTZjXkEyXkFqcGdeQXVyMTkxNjUyNQ@@._V1_Ratio1.0000_AL_.jpg"},{"title":"Ira Steven Behr at an event for Star Trek: The Next Generation (1987)","image":"https://imdb-api.com/images/original/MV5BNmQ2MDFkMGItNzkyZS00M2ExLThkNDItNDZkYTdiYTFjYzdjXkEyXkFqcGdeQXVyMTkxNjUyNQ@@._V1_Ratio1.4800_AL_.jpg"},{"title":"Natalie Portman at an event for Léon: The Professional (1994)","image":"https://imdb-api.com/images/original/MV5BYWQxYzNhZTItZGZlMy00YzkwLThmMWUtMzljOTU0MmVhMWMyXkEyXkFqcGdeQXVyMDM2NDM2MQ@@._V1_Ratio1.0000_AL_.jpg"},{"title":"Luc Besson and Natalie Portman at an event for Léon: The Professional (1994)","image":"https://imdb-api.com/images/original/MV5BNTVlYjA0ODYtMDU2OC00YWY3LTk0OWEtY2U1ODViNDliZjJiXkEyXkFqcGdeQXVyMDM2NDM2MQ@@._V1_Ratio1.5000_AL_.jpg"},{"title":"Léon: The Professional (1994)","image":"https://imdb-api.com/images/original/MV5BZDM2YTJhZjMtMmRmZC00NmJiLTk1MjAtMGI4ZGRhOTEzODk3XkEyXkFqcGdeQXVyMTAyOTE2ODg0._V1_Ratio1.0000_AL_.jpg"},{"title":"Natalie Portman and Jean Reno in Léon: The Professional (1994)","image":"https://imdb-api.com/images/original/MV5BMTc3Mzg0NDE0MV5BMl5BanBnXkFtZTgwNzQ1MzgyMjI@._V1_Ratio1.0000_AL_.jpg"},{"title":"Léon: The Professional (1994)","image":"https://imdb-api.com/images/original/MV5BMTgzMzg4MDkwNF5BMl5BanBnXkFtZTcwODAwNDg3OA@@._V1_Ratio1.0000_AL_.jpg"},{"title":"1996 Rerelease Director's Cut, Grande","image":"https://imdb-api.com/images/original/MV5BMjAwOTg4NjE1MF5BMl5BanBnXkFtZTYwNDQyNDc4._V1_Ratio1.0000_AL_.jpg"},{"title":"Natalie Portman in Léon: The Professional (1994)","image":"https://imdb-api.com/images/original/MV5BMTE5OTkwNjM2NV5BMl5BanBnXkFtZTYwMzg2Nzg5._V1_Ratio1.0000_AL_.jpg"},{"title":"Natalie Portman and Jean Reno in Léon: The Professional (1994)","image":"https://imdb-api.com/images/original/MV5BOTM4NDg4MTk1OF5BMl5BanBnXkFtZTcwMjQ2NTY4Mg@@._V1_Ratio1.0000_AL_.jpg"},{"title":"Jean Reno in Léon: The Professional (1994)","image":"https://imdb-api.com/images/original/MV5BMjE0NTM2ODc5MV5BMl5BanBnXkFtZTcwNDcwOTU4MQ@@._V1_Ratio1.0000_AL_.jpg"},{"title":"Jean Reno in Léon: The Professional (1994)","image":"https://imdb-api.com/images/original/MV5BMTIzNjA1MDYxNV5BMl5BanBnXkFtZTYwOTAwMTY5._V1_Ratio1.0000_AL_.jpg"},{"title":"Jean Reno in Léon: The Professional (1994)","image":"https://imdb-api.com/images/original/MV5BMjE4NDcyMTc0OF5BMl5BanBnXkFtZTYwMTA0ODY5._V1_Ratio1.0000_AL_.jpg"},{"title":"Maïwenn in Léon: The Professional (1994)","image":"https://imdb-api.com/images/original/MV5BZGMxNGY2MzYtMzQwOS00YjNmLTlkNTUtODU4ODRhZmY1ZTVmXkEyXkFqcGdeQXVyMTIwODk1NTQ@._V1_Ratio2.4000_AL_.jpg"},{"title":"Maïwenn in Léon: The Professional (1994)","image":"https://imdb-api.com/images/original/MV5BZDdhYTY4Y2UtMGRmZS00NWUxLThkMzUtZDMxNDYzZTYxNzRmXkEyXkFqcGdeQXVyMTIwODk1NTQ@._V1_Ratio2.4000_AL_.jpg"},{"title":"Natalie Portman in Léon: The Professional (1994)","image":"https://imdb-api.com/images/original/MV5BYmJlYWQ5OTMtODRlZS00OTMxLWI2ZjItOWRlMWUzNmQwNDdmXkEyXkFqcGdeQXVyMTIwODk1NTQ@._V1_Ratio2.4000_AL_.jpg"},{"title":"Gary Oldman in Léon: The Professional (1994)","image":"https://imdb-api.com/images/original/MV5BNjA0YjNlNDUtYmJhZi00MDNmLWI4MTUtZTUzMjViOTFiMjcwXkEyXkFqcGdeQXVyMTIwODk1NTQ@._V1_Ratio2.4000_AL_.jpg"},{"title":"Jean Reno in Léon: The Professional (1994)","image":"https://imdb-api.com/images/original/MV5BN2NmMWM5YjEtZTllZi00ZDA5LThlNjctZDgzMzNkMTgxNGJlXkEyXkFqcGdeQXVyMTIwODk1NTQ@._V1_Ratio2.4000_AL_.jpg"},{"title":"Léon: The Professional (1994)","image":"https://imdb-api.com/images/original/MV5BOTg3MDAyNzMtOWQ5Yi00YWQ3LWJkMGQtODg4MzY5NGNjNWExXkEyXkFqcGdeQXVyMTIwODk1NTQ@._V1_Ratio2.4000_AL_.jpg"},{"title":"Jean Reno in Léon: The Professional (1994)","image":"https://imdb-api.com/images/original/MV5BZmZiNDZjNjctN2EzYi00YTVjLWI3ZDktMjM5NTYyMDg5M2YwXkEyXkFqcGdeQXVyMTIwODk1NTQ@._V1_Ratio2.4000_AL_.jpg"},{"title":"Jean Reno in Léon: The Professional (1994)","image":"https://imdb-api.com/images/original/MV5BN2IwOGRhYmUtZDZjYi00NGQ0LTgzNGUtOTdlZGMyMjYzOGU4XkEyXkFqcGdeQXVyMTIwODk1NTQ@._V1_Ratio2.4000_AL_.jpg"},{"title":"Gary Oldman in Léon: The Professional (1994)","image":"https://imdb-api.com/images/original/MV5BMzVmZjc1Y2YtOWNiMC00MDE4LWI5ZGMtZjcxNWJlMzZhZGNjXkEyXkFqcGdeQXVyMTIwODk1NTQ@._V1_Ratio2.4000_AL_.jpg"},{"title":"Robert LaSardo in Léon: The Professional (1994)","image":"https://imdb-api.com/images/original/MV5BOTg0NTlmZGMtNmI5Yi00YzI2LWI3NGMtZWQyZjBhZjVlYmE5XkEyXkFqcGdeQXVyMTIwODk1NTQ@._V1_Ratio2.4000_AL_.jpg"},{"title":"Robert LaSardo in Léon: The Professional (1994)","image":"https://imdb-api.com/images/original/MV5BMjU2NTI4ZmYtOWVmMy00M2I3LWJmNzItNjAzYTNlMjE5ZWIyXkEyXkFqcGdeQXVyMTIwODk1NTQ@._V1_Ratio2.4000_AL_.jpg"},{"title":"Robert LaSardo in Léon: The Professional (1994)","image":"https://imdb-api.com/images/original/MV5BNDkzN2NiN2YtYTUxNS00MGQ2LTkzNWMtOGVhZTgwMjFjY2EyXkEyXkFqcGdeQXVyMTIwODk1NTQ@._V1_Ratio2.4000_AL_.jpg"},{"title":"Natalie Portman and Jean Reno in Léon: The Professional (1994)","image":"https://imdb-api.com/images/original/MV5BOGYwY2JmMDctOTZmNy00MzRhLWE0NzQtMzM5MGE0N2Q2ZWI3XkEyXkFqcGdeQXVyMTIwODk1NTQ@._V1_Ratio2.4000_AL_.jpg"},{"title":"Gary Oldman in Léon: The Professional (1994)","image":"https://imdb-api.com/images/original/MV5BNWNjOWJiYjAtM2UwZS00MTdkLTgyZGMtNjk3YmFhMGE2NzU0XkEyXkFqcGdeQXVyMTIwODk1NTQ@._V1_Ratio2.4000_AL_.jpg"},{"title":"Michael Badalucco in Léon: The Professional (1994)","image":"https://imdb-api.com/images/original/MV5BYzdjZDRiN2QtNGJlMC00ZWRlLWIxYzktN2VhZDJmNGU3OWFkXkEyXkFqcGdeQXVyMTIwODk1NTQ@._V1_Ratio2.4000_AL_.jpg"},{"title":"Jean Reno in Léon: The Professional (1994)","image":"https://imdb-api.com/images/original/MV5BMDU4MmJjM2MtMTE4Mi00NGZiLWI0MWYtNjM1MjUyZGUzMzBiXkEyXkFqcGdeQXVyMTIwODk1NTQ@._V1_Ratio2.4000_AL_.jpg"},{"title":"Ellen Greene in Léon: The Professional (1994)","image":"https://imdb-api.com/images/original/MV5BZGY5YjAyMjktNGE1Yi00OGM3LWI2NDktNWM4ZWM3YTg5ZTVhXkEyXkFqcGdeQXVyMTIwODk1NTQ@._V1_Ratio2.4000_AL_.jpg"},{"title":"Elizabeth Regen in Léon: The Professional (1994)","image":"https://imdb-api.com/images/original/MV5BY2Q2YjY4YWMtOGY1ZS00MWEzLWFiYTEtN2UzYjVhMDc5N2IyXkEyXkFqcGdeQXVyMTIwODk1NTQ@._V1_Ratio2.4000_AL_.jpg"},{"title":"Jean Reno in Léon: The Professional (1994)","image":"https://imdb-api.com/images/original/MV5BMDdkNzk2NDctYjI0NS00Njg3LWE1NWEtNmM3MGY1OGVhMWYwXkEyXkFqcGdeQXVyMTIwODk1NTQ@._V1_Ratio2.4000_AL_.jpg"},{"title":"Gary Oldman in Léon: The Professional (1994)","image":"https://imdb-api.com/images/original/MV5BYzMyZjA1MWItMjAxYy00NTY5LTg4MGMtMjVkMzlmNGE1NTUxXkEyXkFqcGdeQXVyMTIwODk1NTQ@._V1_Ratio2.4000_AL_.jpg"},{"title":"Gary Oldman in Léon: The Professional (1994)","image":"https://imdb-api.com/images/original/MV5BZTRlODdjNTktMzdkMi00NDgxLWIyNzctMWNkOWZlNDdiMDQyXkEyXkFqcGdeQXVyMTIwODk1NTQ@._V1_Ratio2.4000_AL_.jpg"}],"errorMessage":""},"trailer":null,"boxOffice":{"budget":"FRF115,000,000 (estimated)","openingWeekendUSA":"$5,306,558, 20 November 1994","grossUSA":"$19,501,238","cumulativeWorldwideGross":"$19,552,639"},"tagline":"A perfect assassin. An innocent girl. They have nothing left to lose except each other. He moves without sound. Kills without emotion. Disappears without trace. Only a 12 year old girl... knows his weakness.","keywords":"girl,hitman,teenage girl,older man young girl relationship,neo noir","keywordList":["girl","hitman","teenage girl","older man young girl relationship","neo noir"],"similars":[{"id":"tt0114369","title":"Se7en","fullTitle":"Se7en (1995)","year":"1995","image":"https://imdb-api.com/images/original/MV5BOTUwODM5MTctZjczMi00OTk4LTg3NWUtNmVhMTAzNTNjYjcyXkEyXkFqcGdeQXVyNjU0OTQ0OTY@._V1_Ratio0.6737_AL_.jpg","plot":"Two detectives, a rookie and a veteran, hunt a serial killer who uses the seven deadly sins as his motives.","directors":"David Fincher","stars":"Morgan Freeman, Brad Pitt, Kevin Spacey","genres":"Crime, Drama, Mystery","imDbRating":"8.6"},{"id":"tt0120689","title":"The Green Mile","fullTitle":"The Green Mile (1999)","year":"1999","image":"https://imdb-api.com/images/original/MV5BMTUxMzQyNjA5MF5BMl5BanBnXkFtZTYwOTU2NTY3._V1_Ratio0.6737_AL_.jpg","plot":"The lives of guards on Death Row are affected by one of their charges: a black man accused of child murder and rape, yet who has a mysterious gift.","directors":"Frank Darabont","stars":"Tom Hanks, Michael Clarke Duncan, David Morse","genres":"Crime, Drama, Fantasy","imDbRating":"8.6"},{"id":"tt0120586","title":"American History X","fullTitle":"American History X (1998)","year":"1998","image":"https://imdb-api.com/images/original/MV5BZTJhN2FkYWEtMGI0My00YWM4LWI2MjAtM2UwNjY4MTI2ZTQyXkEyXkFqcGdeQXVyNjc3MjQzNTI@._V1_Ratio0.6737_AL_.jpg","plot":"A former neo-nazi skinhead tries to prevent his younger brother from going down the same wrong path that he did.","directors":"Tony Kaye","stars":"Edward Norton, Edward Furlong, Beverly D'Angelo","genres":"Drama","imDbRating":"8.5"},{"id":"tt0137523","title":"Fight Club","fullTitle":"Fight Club (1999)","year":"1999","image":"https://imdb-api.com/images/original/MV5BMmEzNTkxYjQtZTc0MC00YTVjLTg5ZTEtZWMwOWVlYzY0NWIwXkEyXkFqcGdeQXVyNzkwMjQ5NzM@._V1_Ratio0.6737_AL_.jpg","plot":"A nameless first person narrator (Edward Norton) attends support groups in attempt to subdue his emotional state and relieve his insomniac state. When he meets Marla (Helena Bonham Carter),... See full summary »","directors":"David Fincher","stars":"Brad Pitt, Edward Norton, Meat Loaf","genres":"Drama","imDbRating":"8.8"},{"id":"tt0102926","title":"The Silence of the Lambs","fullTitle":"The Silence of the Lambs (1991)","year":"1991","image":"https://imdb-api.com/images/original/MV5BNjNhZTk0ZmEtNjJhMi00YzFlLWE1MmEtYzM1M2ZmMGMwMTU4XkEyXkFqcGdeQXVyNjU0OTQ0OTY@._V1_Ratio0.6737_AL_.jpg","plot":"A young F.B.I. cadet must receive the help of an incarcerated and manipulative cannibal killer to help catch another serial killer, a madman who skins his victims.","directors":"Jonathan Demme","stars":"Jodie Foster, Anthony Hopkins, Lawrence A. Bonney","genres":"Crime, Drama, Thriller","imDbRating":"8.6"},{"id":"tt0114814","title":"The Usual Suspects","fullTitle":"The Usual Suspects (1995)","year":"1995","image":"https://imdb-api.com/images/original/MV5BYTViNjMyNmUtNDFkNC00ZDRlLThmMDUtZDU2YWE4NGI2ZjVmXkEyXkFqcGdeQXVyNjU0OTQ0OTY@._V1_Ratio0.6737_AL_.jpg","plot":"A sole survivor tells of the twisty events leading up to a horrific gun battle on a boat, which began when five criminals met at a seemingly random police lineup.","directors":"Bryan Singer","stars":"Kevin Spacey, Gabriel Byrne, Chazz Palminteri","genres":"Crime, Mystery, Thriller","imDbRating":"8.5"},{"id":"tt0110912","title":"Pulp Fiction","fullTitle":"Pulp Fiction (1994)","year":"1994","image":"https://imdb-api.com/images/original/MV5BNGNhMDIzZTUtNTBlZi00MTRlLWFjM2ItYzViMjE3YzI5MjljXkEyXkFqcGdeQXVyNzkwMjQ5NzM@._V1_Ratio0.6842_AL_.jpg","plot":"The lives of two mob hitmen, a boxer, a gangster and his wife, and a pair of diner bandits intertwine in four tales of violence and redemption.","directors":"Quentin Tarantino","stars":"John Travolta, Uma Thurman, Samuel L. Jackson","genres":"Crime, Drama","imDbRating":"8.9"},{"id":"tt0253474","title":"The Pianist","fullTitle":"The Pianist (2002)","year":"2002","image":"https://imdb-api.com/images/original/MV5BOWRiZDIxZjktMTA1NC00MDQ2LWEzMjUtMTliZmY3NjQ3ODJiXkEyXkFqcGdeQXVyNjU0OTQ0OTY@._V1_Ratio0.7263_AL_.jpg","plot":"A Polish Jewish musician struggles to survive the destruction of the Warsaw ghetto of World War II.","directors":"Roman Polanski","stars":"Adrien Brody, Thomas Kretschmann, Frank Finlay","genres":"Biography, Drama, Music","imDbRating":"8.5"},{"id":"tt0109830","title":"Forrest Gump","fullTitle":"Forrest Gump (1994)","year":"1994","image":"https://imdb-api.com/images/original/MV5BNWIwODRlZTUtY2U3ZS00Yzg1LWJhNzYtMmZiYmEyNmU1NjMzXkEyXkFqcGdeQXVyMTQxNzMzNDI@._V1_Ratio0.6842_AL_.jpg","plot":"The presidencies of Kennedy and Johnson, the Vietnam War, the Watergate scandal and other historical events unfold from the perspective of an Alabama man with an IQ of 75, whose only desire is to be reunited with his childhood sweetheart.","directors":"Robert Zemeckis","stars":"Tom Hanks, Robin Wright, Gary Sinise","genres":"Drama, Romance","imDbRating":"8.8"},{"id":"tt0172495","title":"Gladiator","fullTitle":"Gladiator (2000)","year":"2000","image":"https://imdb-api.com/images/original/MV5BMDliMmNhNDEtODUyOS00MjNlLTgxODEtN2U3NzIxMGVkZTA1L2ltYWdlXkEyXkFqcGdeQXVyNjU0OTQ0OTY@._V1_Ratio0.6737_AL_.jpg","plot":"A former Roman General sets out to exact vengeance against the corrupt emperor who murdered his family and sent him into slavery.","directors":"Ridley Scott","stars":"Russell Crowe, Joaquin Phoenix, Connie Nielsen","genres":"Action, Adventure, Drama","imDbRating":"8.5"},{"id":"tt0073486","title":"One Flew Over the Cuckoo's Nest","fullTitle":"One Flew Over the Cuckoo's Nest (1975)","year":"1975","image":"https://imdb-api.com/images/original/MV5BZjA0OWVhOTAtYWQxNi00YzNhLWI4ZjYtNjFjZTEyYjJlNDVlL2ltYWdlL2ltYWdlXkEyXkFqcGdeQXVyMTQxNzMzNDI@._V1_Ratio0.6737_AL_.jpg","plot":"A criminal pleads insanity and is admitted to a mental institution, where he rebels against the oppressive nurse and rallies up the scared patients.","directors":"Milos Forman","stars":"Jack Nicholson, Louise Fletcher, Michael Berryman","genres":"Drama","imDbRating":"8.7"},{"id":"tt0133093","title":"The Matrix","fullTitle":"The Matrix (1999)","year":"1999","image":"https://imdb-api.com/images/original/MV5BNzQzOTk3OTAtNDQ0Zi00ZTVkLWI0MTEtMDllZjNkYzNjNTc4L2ltYWdlXkEyXkFqcGdeQXVyNjU0OTQ0OTY@._V1_Ratio0.6737_AL_.jpg","plot":"When a beautiful stranger leads computer hacker Neo to a forbidding underworld, he discovers the shocking truth--the life he knows is the elaborate deception of an evil cyber-intelligence.","directors":"Directors: Lana Wachowski, Lilly Wachowski","stars":"Keanu Reeves, Laurence Fishburne, Carrie-Anne Moss","genres":"Action, Sci-Fi","imDbRating":"8.7"}],"tvSeriesInfo":null,"tvEpisodeInfo":null,"errorMessage":""}