{
    "originalTitle": "7 Increíbles Avances de la Inteligencia Artificial en la Ciencia",
    "routeTitle": "7-increibles-avances-de-la-inteligencia-artificial-en-la-ciencia",
    "headerKeywords": "inteligencia artificial, avances, ciencia, tecnología, investigación, machine learning, robótica, automatización de procesos, big data analytics , algoritmos avanzados , aprendizaje profundo (deep learning), redes neuronales artificiales (anns), procesamiento del lenguaje natural (nlp), visión por computadora , reconocimiento facial y de voz , sistemas expertos , chatbots inteligentes  smart cities  industria 40   ciberseguridad   análisis predictivo    optimización empresarial",
    "title": "7 Increíbles Avances de la Inteligencia Artificial en la Ciencia",
    "introduction": "La inteligencia artificial (IA) ha revolucionado el mundo científico con sus avances y aplicaciones. En este artículo, presentamos siete increíbles logros que han sido posibles gracias a esta tecnología.",
    "list": [
        " Diagnósticos médicos precisos: La IA puede analizar grandes cantidades de datos para detectar patrones y predecir enfermedades con mayor exactitud.",
        " Descubrimientos farmacéuticos más rápidos: Los algoritmos de aprendizaje automático pueden identificar compuestos químicos prometedores para nuevos medicamentos en cuestión de días o semanas.",
        " Predicciones climáticas mejoradas: Con modelos basados ​​en IA, los meteorólogos pueden hacer pronósticos del tiempo más precisos y detallados.",
        " Automatización industrial avanzada: Las fábricas están utilizando robots equipados con sistemas inteligentes para mejorar su eficiencia operativa y reducir costes laborales.",
        " Asistentes virtuales personales cada vez más sofisticados : Siri , Alexa , Google Assistant son algunos ejemplos populares . Estas herramientas utilizan técnicas avanzadas como procesamiento natural del lenguaje e interacción por voz .",
        " Vehículos autónomos seguros : Gracias a sensores integrados, cámaras digitales e información GPS actualizada constantemente las máquinas se conducen solitas sin necesidad humana",
        " Traducción instantánea multilingüe : Aplicaciones móviles como Google Translate usan redes neuronales artificiales entrenadas previamente sobre millones palabras escrita u hablada"
    ],
    "videoUrl": "https://www.youtube.com/embed/3QnHwnz_WtM",
    "popularOpinion": "Los avances en IA son emocionantes y prometen un futuro lleno de posibilidades. Sin embargo, también hay preocupaciones sobre el impacto que esta tecnología tendrá en la economía laboral y la privacidad personal.",
    "summary": "La inteligencia artificial ha permitido grandes logros científicos como diagnósticos médicos precisos, descubrimientos farmacéuticos más rápidos, predicciones climáticas mejoradas, automatización industrial avanzada , asistentes virtuales personales cada vez más sofisticados , vehículos autónomos seguros  y traducción instantánea multilingüe . Aunque estos avances son impresionantes e innovadores, es importante considerar los efectos secundarios potenciales de su implementación a gran escala.",
    "sources": [
        " 7 Incredible Examples of AI And Machine Learning In Practice Forbes.com",
        " Artificial Intelligence and the Future of Work World Economic Forum",
        " The Ethics Of Artificial Intelligence: Separating Hype From Reality TechCrunch"
    ]
}