{
    "originalTitle": "8 IA revolucionarias que transformarán el mundo",
    "routeTitle": "8-ia-revolucionarias-que-transformaran-el-mundo",
    "headerKeywords": "ia, revolucionarias, transformarán, mundo, tecnología, innovación, inteligencia artificial, aprendizaje automático, algoritmos avanzados,procesamiento de lenguaje natural (nlp), redes neuronales artificiales (ann), big data,análisis predictivo , automatización de procesos empresariales (bpa),robotización industrial , asistentes virtuales ,chatbots , reconocimiento facial y de voz ,sistemas expertos , machine learning",
    "title": "8 IA revolucionarias que transformarán el mundo",
    "introduction": "La inteligencia artificial (IA) ha avanzado a pasos agigantados en los últimos años, y su impacto se siente cada vez más en nuestra vida cotidiana. Desde asistentes virtuales hasta sistemas de seguridad, la IA está cambiando la forma en que interactuamos con el mundo. En este artículo te presentaremos ocho innovaciones de IA que están revolucionando diferentes sectores.",
    "list": [
        " Reconocimiento facial: La tecnología de reconocimiento facial utiliza algoritmos para identificar rostros humanos y compararlos con una base de datos previamente establecida.",
        " Vehículos autónomos: Los vehículos autónomos utilizan sensores e información recopilada por GPS para conducir sin intervención humana.",
        " Chatbots: Los chatbots son programas informáticos diseñados para simular conversaciones humanas mediante texto o voz.",
        " Diagnóstico médico automatizado: La IA puede analizar grandes cantidades de datos médicos y ayudar a diagnosticar enfermedades complejas como cáncer o Alzheimers",
        " Análisis predictivo del mercado financiero : Las empresas financieras pueden utilizar modelos basados ​​en aprendizaje automático para predecir tendencias futuras del mercado",
        " Robótica colaborativa : Robots programables trabajan junto a seres humanos realizando tareas repetitivas , peligrosas u otras actividades específicas .",
        " Sistemas antifraude bancario : Utilizando técnicas avanzadas como análisis comportamental , las instituciones financieras pueden detectar patrones sospechososos antes incluso que ocurran fraudes .",
        " Asistencia virtual personalizada : Con ayuda del aprendizaje automático , los asistentes virtuales pueden personalizar su interacción con el usuario y ofrecer soluciones más precisas ."
    ],
    "videoUrl": "https://www.youtube.com/embed/etzCNuwB87o",
    "popularOpinion": "La IA ha demostrado ser una herramienta valiosa en muchos campos, pero también hay preocupaciones sobre cómo se utilizará esta tecnología. Es importante que las empresas e instituciones regulen adecuadamente la implementación de estas innovaciones para garantizar un uso ético y responsable.",
    "summary": "La inteligencia artificial está transformando rápidamente diferentes sectores a través de ocho innovaciones revolucionarias: reconocimiento facial, vehículos autónomos, chatbots, diagnóstico médico automatizado, análisis predictivo del mercado financiero , robótica colaborativa , sistemas antifraude bancario  y asistencia virtual personalizada . Aunque existe cierta preocupación por el uso ético de la IA es indudable que sus beneficios son innumerables.",
    "sources": [
        " The Top 8 AI Trends to Watch in 2021 - Forbes",
        " How Facial Recognition Technology Works - HowStuffWorks",
        " Autonomous Vehicles and the Future of Transportation - MIT Technology Review",
        " Chatbot Basics: What They Are & Why Businesses Use Them- HubSpot",
        "Artificial Intelligence for Medical Diagnosis : An Overview - NCBI",
        "Predictive Analytics In Finance And Banking – Current Applications- Emerj",
        "Collaborative Robotics Market Size Worth $9.7 Billion By 2025 | CAGR:16% - Grand View Research",
        "AI Fraud Detection Solutions For Banks And Financial Institutions- Data Science Central"
    ],
    "amazonLink": ""
}