{
    "originalTitle": "10 películas de culto que debes ver para ser un verdadero cinéfilo",
    "routeTitle": "10-peliculas-de-culto-que-debes-ver-para-ser-un-verdadero-cinefilo",
    "headerKeywords": "películas de culto, cinéfilos, ver películas, cine independiente, clásicos del cine, directores famosos, actores icónicos, géneros cinematográficos variados , obras maestras del cine mundial , críticas de películas , recomendaciones para cinéfilos , listado de películas imprescindibles  , títulos emblemáticos del séptimo arte  ,producciones innovadoras y vanguardistas,historias originales e impactantes,escenas memorables y emotivas,personajes inolvidables y complejos,interpretaciones magistrales por parte de los actores ,premios internacionales en festivales importantes ,valor artístico y cultural indiscutible ,referentes obligatorios para cualquier amante del cine",
    "title": "10 películas de culto que debes ver para ser un verdadero cinéfilo",
    "introduction": "Ser un verdadero amante del cine no solo implica disfrutar de las últimas producciones cinematográficas, sino también conocer y apreciar aquellas películas consideradas como auténticos clásicos o joyas ocultas. En este sentido, hemos elaborado una lista con 10 películas de culto que todo cinéfilo debería ver al menos una vez en su vida.",
    "list": [
        " Blade Runner (1982): Esta película dirigida por Ridley Scott es uno de los mayores referentes del género cyberpunk y la ciencia ficción moderna.",
        " El club de la pelea (1999): Dirigida por David Fincher e interpretada por Brad Pitt y Edward Norton, esta cinta se ha convertido en todo un icono cultural gracias a su crítica social implícita.",
        " Donnie Darko (2001): Una obra maestra surrealista protagonizada por Jake Gyllenhaal que explora temas como el destino, la muerte y el tiempo.",
        " Eraserhead (1977): La ópera prima del director David Lynch es una experiencia visual única e inquietante sobre paternidad y alienación social.",
        " Memento (2000): Christopher Nolan dirige esta intrigante historia contada en orden inverso acerca de Leonard Shelby, quien padece pérdidas temporales tras haber sido agredido brutalmente durante un robo domiciliario",
        "The Rocky Horror Picture Show(1975) : Este musical satírico cuenta con personajes icónicos , canciones pegajosas , vestuario extravagantes . Es toda una experiencia participar viendo está pelicula .",
        "Pulp Fiction(1994) : Quentin Tarantino dirige esta película que cuenta con una estructura narrativa no lineal y un reparto de lujo. Es considerada como uno de los mayores clásicos del cine moderno.",
        "El gran Lebowski(1998) : Dirigida por Joel Coen , es una comedia negra protagonizada por Jeff Bridges . La trama gira en torno a The Dude quien se ve envuelto en problemas tras ser confundido con otra persona .",
        "The Warriors (1979): Esta cinta dirigida por Walter Hill sigue la historia de pandillas callejeras luchando entre sí para llegar a casa después de asistir a un evento masivo",
        "Trainspotting (1996): Danny Boyle dirigió este drama sobre drogas basado en la novela homónima escrita Irvine Welsh."
    ],
    "videoUrl": "https://www.youtube.com/embed/mRxsdczMXVE",
    "popularOpinion": "Estas películas son solo algunas muestras del vasto mundo cinematográfico, pero sin duda alguna han dejado huella tanto en el público general como también dentro del ámbito cinéfilo. Cada obra tiene su propia particularidad y estilo único, lo cual las hace dignas representantes dentro del género cult.",
    "summary": "Ser un verdadero amante al séptimo arte implica conocer más allá de las últimas producciones cinematográficas; esto incluye apreciar aquellas obras maestras o joyas ocultadas conocidas como películas culturales. En nuestra lista hemos recopilados 10 filmes icónicos que todo cinéfilos debería ver al menos una vez durante su vida: Blade Runner, El club dela pelea, Donnie Darko Eraserhead,Memento,Pulp Fiction,Rocky Horror Picture Show , The Great Lebowsky , The warriors and Trainspotting",
    "sources": [
        " Blade Runner: https://www.imdb.com/title/tt0083658/",
        " El club de la pelea: https://www.imdb.com/title/tt0137523/",
        " Donnie Darko: https://www.imdb.com/title/tt0246578/",
        "Eraserhead :https://www.rottentomatoes.com/m/eraserhead",
        "Memento :https://mubi.es/films/memento",
        "The Rocky Horror Picture Show  :https:/ / www. imdb .com / title / tt0073629 /",
        "Pulp Fiction   -    http s:/ / w ww .im db.c om/ tit le/ t t01 2 0737 /",
        "The Great Lebowsky -     h tp s:/ /w ww.i m d b.co m/ ti tl e/t t0118715",
        "Trainspotting -      ht tp s:/ /ww w.i md b.c o m/ ti tl e/t t0 186209"
    ]
}