{
    "originalTitle": "7 Maravillas de la Inteligencia Artificial en el Mundo Científico",
    "routeTitle": "descubre-las-7-maravillas-de-la-inteligencia-artificial-en-el-mundo-cientifico",
    "headerKeywords": "inteligencia artificial, ia, machine learning, aprendizaje automático, redes neuronales, algoritmos de inteligencia artificial, robótica avanzada, procesamiento del lenguaje natural (nlp), visión por computadora , big data analytics , análisis predictivo , sistemas expertos , minería de datos , deep learning , chatbots y asistentes virtuales ai-powered  smart cities   industria 40   automatización industrial    ciberseguridad en la ia     ética en la inteligencia artificial",
    "title": "Descubre las 7 Maravillas de la Inteligencia Artificial en el Mundo Científico",
    "introduction": "La inteligencia artificial ha revolucionado el mundo científico y tecnológico, permitiendo avances impresionantes en diversas áreas. En este artículo te presentamos las 7 maravillas de la inteligencia artificial que están cambiando nuestro mundo.",
    "list": [
        " Aprendizaje automático: Es una técnica utilizada por los sistemas informáticos para aprender a partir de datos sin ser programados explícitamente.",
        " Redes neuronales artificiales: Son un conjunto interconectado de algoritmos inspirados en la estructura del cerebro humano, capaces de procesar información compleja y realizar tareas como reconocimiento facial o diagnósticos médicos.",
        " Procesamiento del lenguaje natural (NLP): Permite a los ordenadores entender e interpretar el lenguaje humano mediante técnicas avanzadas como análisis semántico o sintáctico.",
        " Robótica autónoma: Los robots equipados con IA pueden tomar decisiones basadas en su entorno y adaptarse a situaciones cambiantes sin intervención humana directa.",
        " Visión computacional: La capacidad para analizar imágenes digitales utilizando algoritmos matemáticos sofisticados permite aplicaciones tan variadas como vehículos autónomos o detección temprana del cáncer.",
        " Sistemas expertos: Utilizados principalmente en medicina, finanzas e ingeniería, estos programas son capaces de imitar el razonamiento humano para resolver problemas específicos dentro sus campos respectivos",
        " Asistentes virtuales personales : Están diseñados para interactuar con humanos usando voz u otros medios naturales , ayudándolos en tareas cotidianas como hacer reservaciones o buscar información."
    ],
    "videoUrl": "https://www.youtube.com/embed/SliIYKnkDi0",
    "popularOpinion": "La inteligencia artificial es una tecnología que ha generado opiniones encontradas. Mientras algunos la ven como un avance impresionante, otros temen por su impacto en el mercado laboral y la privacidad de los datos personales. Sin embargo, no se puede negar que las 7 maravillas presentadas aquí son ejemplos claros del potencial transformador de esta tecnología.",
    "summary": "Las 7 Maravillas de la Inteligencia Artificial incluyen técnicas avanzadas como aprendizaje automático, redes neuronales artificiales y procesamiento del lenguaje natural (NLP), así como aplicaciones prácticas tales cómo robótica autónoma , visión computacional , sistemas expertos y asistentes virtuales personales . A pesar de algunas preocupaciones sobre su impacto social e individual a largo plazo , estas innovadoras herramientas están cambiando nuestro mundo para mejor .",
    "sources": [
        " What is Machine Learning? - SAS Institute Inc.",
        " Artificial Neural Networks - Techopedia",
        "Natural Language Processing: What it is and why it matters - IBM Watson",
        "Autonomous Robots in the Industry: Benefits & Challenges- Robotics Business Review",
        "Computer Vision Explained Simply for Ordinary People” – Medium",
        "Expert Systems in Medicine - ScienceDirect",
        "The Rise of Virtual Personal Assistants: A New Era for Customer Service? – Forbes"
    ]
}