{
  "Popular Movies": "人気の映画",
  "Top Rated Movies": "評価の高い映画",
  "Upcoming Movies": "近日公開の映画",
  "Now Playing Movies": "上映中の映画",
  "Popular TV Shows": "人気のテレビ番組",
  "Top Rated TV Shows": "評価の高いテレビ番組",
  "TV Shows Airing Today": "今日放送中のテレビ番組",

  "Watch Trailer": "予告編を見ます",
  "Explore more": "もっと見る",

  "Overview": "概要",
  "Videos": "動画",
  "Media Photos": "写真",

  "Cast": "キャスト",
  "More like this": "似ている",

  "Storyline": "ストーリー",
  "Release Date": "リリース",
  "Runtime": "上映時間",
  "Director": "監督",
  "Budget": "製作費",
  "Revenue": "興行収入",
  "Genre": "ジャンル",
  "Status": "状態",
  "Language": "言語",
  "Production": "製作",

  "Backdrops": "背景",
  "Posters": "ポスター",

  "Known For": "知られている",
  "Credits": "クレジット",
  "Person Photos": "写真",
  "(no biography)": "（伝記なし）",
  "Known for": "知られている",
  "Place of birth": "出生地",
  "Birthday": "生年月日",

  "Acting Credits": "出演",
  "Production Credits": "製作",

  "Type to search...": "検索",
  "Type something to search...": "何かを入力して検索する",

  "{numberOfReviews} Reviews": "{numberOfReviews}レビュー",

  "{numberOfImages} Images": "{numberOfImages}枚写真",
  "{numberOfVideos} Videos": "{numberOfVideos}本動画",

  "as {character}": "演 {character}",

  "{count} items": "{count}件",
  "Search result for: {currentSearch}": "「{currentSearch}」の検索結果 ",

  "Error occurred on fetching": "取得中にエラーが発生しました",
  "Retry": "再試行",

  "Home": "ホーム",
  "Movies": "映画",
  "TV Shows": "テレビ番組",
  "Search": "検索"
}
