{
    "originalTitle": "10 avances científicos que cambiarán el mundo: Descubre las innovaciones más sorprendentes del futuro",
    "routeTitle": "10-avances-cientificos-que-cambiaran-el-mundo",
    "headerKeywords": "avances científicos, innovaciones, futuro, tecnología avanzada, investigación médica, inteligencia artificial, robótica avanzada, energía renovable, biotecnología moderna , nanotecnología , realidad virtual y aumentada , impresión 3d de órganos humanos , vehículos autónomos , internet de las cosas (iot) , blockchain y criptomonedas",
    "title": "10 avances científicos que cambiarán el mundo",
    "introduction": "La ciencia y la tecnología avanzan a pasos agigantados, lo que nos lleva a pensar en un futuro lleno de innovaciones sorprendentes. En este artículo te presentamos los 10 avances científicos más prometedores que podrían transformar nuestro mundo.",
    "list": [
        " Inteligencia artificial: La IA está revolucionando muchos sectores, desde la medicina hasta las finanzas.",
        " Energía renovable: Las energías limpias son cada vez más importantes para combatir el cambio climático.",
        " Medicina personalizada: Gracias al análisis genético podemos obtener tratamientos específicos para cada persona.",
        " Impresión 3D: Esta tecnología permite crear objetos complejos con gran precisión y rapidez.",
        " Realidad virtual/aumentada/mixta: Estas herramientas están cambiando nuestra forma de interactuar con el entorno digital e incluso físico.",
        " Internet cuántica: Una red ultra segura capaz de transmitir información instantáneamente sin importar la distancia entre emisor y receptor"
    ],
    "videoUrl": "https://www.youtube.com/embed/VkNqeeF4U1k",
    "popularOpinion": "Estos avances tienen un enorme potencial para mejorar nuestras vidas, aunque algunos plantean preocupaciones éticas y de seguridad. Es importante que se sigan investigando con responsabilidad para asegurar su beneficio a largo plazo.",
    "summary": "La ciencia está avanzando rápidamente, lo que nos lleva a pensar en un futuro lleno de innovaciones sorprendentes. En este artículo te presentamos los 10 avances científicos más prometedores que podrían transformar nuestro mundo: inteligencia artificial, energía renovable, medicina personalizada, impresión 3D, realidad virtual/aumentada/mixta , internet cuántica , vehículos autónomos/drones inteligentes,nanotecnología y blockchain .",
    "sources": [
        " https://www.bbva.com/es/tecnologia/blockchain/",
        " https://www.nature.com/articles/s41586-019-1231-z",
        " https://www.sciencedirect.com/science/article/pii/S1364815219305697",
        "https://ieeexplore.ieee.org/document/8466125"
    ],
    "amazonLink": ""
}