{
    "originalTitle": "7 impresionantes opciones de entretenimiento digital para disfrutar en casa",
    "routeTitle": "7-impresionantes-opciones-de-entretenimiento-digital-para-disfrutar-en-casa",
    "headerKeywords": "entretenimiento digital, opciones de entretenimiento, disfrutar en casa, videojuegos, películas online, series online, streaming de música, plataformas digitales de entretenimiento, televisión por internet , juegos en línea , realidad virtual , experiencias virtuales , contenido multimedia , ocio digital  ,dispositivos electrónicos,servicios digitales,plataformas streaming,cine en casa,televisión a la carta,ocio tecnológico ,cultura pop ,nuevas tendencias del entretenimiento",
    "title": "7 impresionantes opciones de entretenimiento digital para disfrutar en casa",
    "introduction": "En estos tiempos donde el distanciamiento social es la norma, muchas personas buscan alternativas para entretenerse desde sus hogares. Por suerte, existen diversas opciones digitales que pueden ayudar a pasar el tiempo y mantenernos conectados con amigos y familiares.",
    "list": [
        " Juegos en línea: Los juegos en línea son una excelente opción para aquellos que quieren divertirse mientras compiten contra otros jugadores o simplemente pasan un buen rato solos. Hay muchos tipos diferentes de juegos disponibles, desde los más simples hasta los más complejos.",
        " Plataformas de streaming: Las plataformas como Netflix, Amazon Prime Video o Disney+ ofrecen una gran variedad de películas y series originales exclusivas que se adaptan a todos los gustos.",
        " Redes sociales: A través de las redes sociales podemos estar al tanto del día a día de nuestros seres queridos e interactuar con ellos sin necesidad salir físicamente. Además también hay grupos temáticos sobre cualquier tema imaginable.",
        " Aplicaciones educativas : Si quieres aprovechar este tiempo libre aprendiendo algo nuevo puedes descargar aplicaciones educativas gratuitamente como Duolingo (para aprender idiomas), Khan Academy (para matemáticas) o Coursera (cursos universitarios).",
        " Videollamadas grupales : Con herramientas como Zoom , Skype u otras apps similares podrás realizar videollamadas grupales permitiéndote tener reuniones virtuales con tus amigos cercanos incluso si están lejos geográficamente",
        " Música online : Existen varias páginas web dedicadas especialmente a escuchar música gratis por internet tales cómo Spotify , Deezer ó Apple Music",
        " Videojuegos : Si eres un fanático de los videojuegos, hay muchas opciones disponibles para ti. Desde juegos en línea hasta consolas como PlayStation o Xbox."
    ],
    "videoUrl": "https://www.youtube.com/embed/FYMOK0nnMdg",
    "popularOpinion": "Muchas personas han encontrado estas opciones digitales muy útiles y entretenidas durante la cuarentena. Además, también se ha notado que el uso excesivo puede generar fatiga digital por lo cual es importante tener una buena gestión del tiempo dedicado a cada actividad.",
    "summary": "En conclusión existen diversas alternativas digitales para entretenerse desde casa tales cómo: Jugar online , plataformas streaming , redes sociales , aplicaciones educativas,videollamadas grupales,música online y videojuegos . Cada opción tiene sus propias ventajas e inconvenientes pero todas ellas pueden ayudar a pasar el tiempo mientras mantenemos contacto con nuestros seres queridos",
    "sources": [
        " https://www.businessinsider.com/best-online-games-to-play-with-friends-during-coronavirus-pandemic-2020",
        " https://www.cnet.com/es/noticias/las-mejores-plataformas-de-streaming-en-espanol/",
        " https://blog.hootsuite.com/es/redes-sociales-mayor-uso-cuarentena/",
        " https://aprendizajedigital.net/mejores-aplicaciones-gratuita-eductivas-android-ios/",
        "https://support.zoom.us/hc/en-us/articles/201362033-Zoom-video-tutorials?mobile_site=true",
        "https:/open.spotify.com/browse/toplists?utm_source=spotify&utm_medium=cpc&utm_campaign=toplistsmx&gclid=CJ6Z5MzVvOACFQqGfgod1y8L3w&gclsrc=ds",
        "https://www.xataka.com/videojuegos/los-mejores-juegos-para-pasar-la-cuarentena-en-ps4-xbox-one-y-nintendo-switch"
    ],
    "amazonLink": ""
}