{
    "originalTitle": "Top 5 Descubrimientos Científicos que Desafían lo que Creíamos Saber",
    "routeTitle": "top-5-descubrimientos-cientificos-que-desafian-lo-que-creiamos-saber",
    "headerKeywords": "descubrimientos científicos, desafío al conocimiento previo, avances en la ciencia, investigación científica, descubrimientos sorprendentes, nuevos hallazgos científicos, innovaciones tecnológicas revolucionarias , cambios paradigmáticos en la ciencia , experimentos de vanguardia , teorías que rompen esquemas preconcebidos , estudios pioneros en el campo de la ciencia y tecnología , resultados inesperados de las investigaciones científicas modernas",
    "title": "Top 5 Descubrimientos Científicos que Desafían lo que Creíamos Saber",
    "introduction": "La ciencia siempre ha sido un campo en constante evolución y descubrimiento. A medida que avanzan las investigaciones, se desafía constantemente lo que creemos saber sobre el mundo y nuestro lugar en él. En este artículo, presentaremos los cinco principales descubrimientos científicos recientes que han puesto a prueba nuestras ideas preconcebidas.",
    "list": [
        " Teoría de la relatividad general de Einstein: La teoría de la relatividad general es una descripción matemática del universo propuesta por Albert Einstein hace más de cien años. Esta teoría ha resistido todas las pruebas experimentales hasta ahora, pero algunos físicos sugieren cambios radicales para explicar fenómenos como la materia oscura o la energía oscura.",
        " El bosón de Higgs: El bosón de Higgs fue predicho por primera vez en 1964 como parte del modelo estándar de partículas subatómicas. Fue finalmente detectado experimentalmente en el Gran Colisionador Hadron (LHC) cerca Ginebra Suiza después décadas buscándolo . Este hallazgo confirmó nuestra comprensión actual sobre cómo adquieren masa las partículas elementales.",
        " Agujeros negros supermasivos : Los agujeros negros son objetos cósmicos extremadamente densos con gravedad tan fuerte incluso luz no puede escapar su atracción gravitatoria.. Se pensaba anteriormente estos solo existian al centro galaxias grandes , sin embargo estudios recientes muestran evidencias sólidas indicando hay muchos mas distribuidos aleatoriamente dentro galaxias.",
        " La expansión acelerada del universo: En la década de 1990, los astrónomos descubrieron que el universo no solo se está expandiendo sino también lo hace a una velocidad cada vez mayor. Esta observación llevó al concepto de energía oscura, un tipo desconocido de energía que parece estar impulsando esta expansión acelerada.",
        " El microbioma humano : Los humanos somos en realidad más microbios que células propiamente dichas . Se ha demostrado recientemente cómo estos organismos influyen en nuestra salud y bienestar general , desde nuestro sistema inmunológico hasta nuestras emociones ."
    ],
    "videoUrl": "https://www.youtube.com/embed/FqDOlwVXcUQ",
    "popularOpinion": "Estamos viviendo en una época fascinante para la ciencia donde constantemente estamos desafiando nuestros conocimientos previos sobre el mundo natural. Estoy seguro de que habrá muchos más descubrimientos sorprendentes por venir.",
    "summary": "La ciencia siempre nos presenta nuevos hallazgos e ideas innovadoras. Este artículo presentó cinco importantes avances científicos recientes como son; teoría relatividad general Einstein, bosón Higgs detectado experimentalmente después décadas buscándolo , agujeros negros supermasivos distribuidos aleatoriamente dentro galaxias.,expansión acelerada del universo y finalmente microbioma humano",
    "sources": [
        " https://www.nationalgeographic.com/science/2019/12/top-science-stories-decade/",
        "https://www.sciencenews.org/article/biggest-scientific-discoveries-past-decade",
        "https://phys.org/news/2021-01-biggest-scientific-breakthroughs.html"
    ]
}